Site,Sample,Speciesname,Genus,Weight
KM1048,926,Chicoreus species,Chicoreus,169.63
KM1048,926,Rapana rapiformis,Rapana,22.5
KM1048,926,Conomurex fasciatus,Conomurex,60
KM1048,926,Arca species,Arca,15.5
KM1048,926,Chama species,Chama,432
KM1048,926,Chlamys townsendi,Chlamys,19
KM1048,926,Ostrea species,Ostrea,6
KM1048,926,Plicatula plicata,Plicatula,443.5
KM1048,926,Spondylus species,Spondylus,428.5
KM1050,343,Chicoreus species,Chicoreus,6
KM1050,343,Engina mendicaria,Engina,2.5
KM1050,343,Conomurex fasciatus,Conomurex,1189
KM1050,343,Ostreiodea species,Ostreiodea,1.5
KM1050,344,Chicoreus species,Chicoreus,12.5
KM1050,344,Chama species,Chama,3
KM1050,344,Prunum terverianum,Prunum,0.5
KM1050,344,Conomurex fasciatus,Conomurex,1489.5
KM1050,344,Ostreiodea species,Ostreiodea,1
KM1050,344,Plicatula plicata,Plicatula,4.5
KM1050,345,Chicoreus species,Chicoreus,6.5
KM1050,345,Conomurex fasciatus,Conomurex,864
KM1050,345,Ostreiodea species,Ostreiodea,0.5
KM1050,346,Conomurex fasciatus,Conomurex,1090.5
KM1050,346,Arca species,Arca,1.5
KM1050,346,Ostreiodea species,Ostreiodea,0.5
KM1050,347,Chicoreus species,Chicoreus,13.5
KM1050,347,Chama species,Chama,1.5
KM1050,347,Conomurex fasciatus,Conomurex,660.5
KM1050,347,Arca species,Arca,25.5
KM1050,347,Chama species,Chama,31.5
KM1050,347,Pinctada species,Pinctada,4
KM1050,347,Plicatula plicata,Plicatula,6.5
KM1050,347,Spondylus species,Spondylus,148.5
KM1050,348,Chicoreus species,Chicoreus,32
KM1050,348,Conomurex fasciatus,Conomurex,303
KM1050,348,Strombus species,Strombus,5
KM1050,348,Trochus species,Trochus,2.5
KM1050,348,Arca species,Arca,21
KM1050,348,Chama species,Chama,67.5
KM1050,348,Ostreiodea species,Ostreiodea,1.5
KM1050,348,Pinctada species,Pinctada,1
KM1050,348,Plicatula plicata,Plicatula,7.5
KM1050,348,Spondylus species,Spondylus,28
KM1051,338,Chicoreus species,Chicoreus,38.5
KM1051,338,Nassarius species,Nassarius,1
KM1051,338,Conomurex fasciatus,Conomurex,431
KM1051,338,Strombus tricornis,Strombus,13.5
KM1051,338,Trochus dentatus,Trochus,29.5
KM1051,338,Volema paradisiaca nodosa,Volema,2
KM1051,338,Arca species,Arca,40.5
KM1051,338,Chama species,Chama,366
KM1051,338,Ostreiodea species,Ostreiodea,18.5
KM1051,338,Pinctada species,Pinctada,27
KM1051,338,Plicatula plicata,Plicatula,65.5
KM1051,338,Spondylus species,Spondylus,143
KM1051,342,Chicoreus species,Chicoreus,6
KM1051,342,Nassarius species,Nassarius,0.5
KM1051,342,Conomurex fasciatus,Conomurex,1080
KM1051,342,Strombus tricornis,Strombus,4.5
KM1051,342,Trochus dentatus,Trochus,0.5
KM1051,342,Chama species,Chama,40
KM1051,342,Ostreiodea species,Ostreiodea,7
KM1052,536,Chicoreus species,Chicoreus,6.5
KM1052,536,Conomurex fasciatus,Conomurex,614
KM1052,536,Trochus dentatus,Trochus,0.5
KM1052,536,Anadara antiquata,Anadara,8.5
KM1052,536,Arca species,Arca,14.5
KM1052,536,Chama species,Chama,43.5
KM1052,536,Ostreiodea species,Ostreiodea,3
KM1053,537,Chicoreus species,Chicoreus,3
KM1053,537,Chama species,Chama,0.5
KM1053,537,Prunum terverianum,Prunum,1
KM1053,537,Conomurex fasciatus,Conomurex,480
KM1053,537,Arca species,Arca,4
KM1053,537,Chama species,Chama,0.5
KM1053,537,Ostreiodea species,Ostreiodea,3
KM1053,537,Pinna species,Pinna,1
KM1053,537,Spondylus species,Spondylus,64.5
KM1053,541,Chicoreus species,Chicoreus,10.5
KM1053,541,Chama species,Chama,4
KM1053,541,Prunum terverianum,Prunum,2
KM1053,541,Conomurex fasciatus,Conomurex,1393.5
KM1053,541,Trochus dentatus,Trochus,2.5
KM1053,541,Chama species,Chama,8.5
KM1053,541,Ostreiodea species,Ostreiodea,5
KM1054,545,Chicoreus species,Chicoreus,164
KM1054,545,Prunum terverianum,Prunum,0.5
KM1054,545,Conomurex fasciatus,Conomurex,448
KM1054,545,Trochus dentatus,Trochus,9
KM1054,545,Arca species,Arca,54.5
KM1054,545,Chama species,Chama,170
KM1054,545,Ostreiodea species,Ostreiodea,2.5
KM1054,545,Plicatula plicata,Plicatula,22.5
KM1054,545,Spondylus species,Spondylus,47.5
KM1056,928,Nerita textiles,Nerita,2
KM1056,928,Nerita species,Nerita,9
KM1056,928,Conomurex fasciatus,Conomurex,74
KM1056,928,Strombus tricornis,Strombus,70.50999999999999
KM1056,928,Tibia insulaechorab,Tibia,54
KM1056,928,Arca species,Arca,10.5
KM1056,928,Brachidontes variabilis,Brachidontes,0.5
KM1056,928,Chama species,Chama,12
KM1056,928,Pinctada species,Pinctada,0.5
KM1056,928,Spondylus species,Spondylus,99.5
KM1056,928,Limpet species,Limpet,0.5
KM1057,201,Conomurex fasciatus,Conomurex,1483.5
KM1057,201,Strombus species,Strombus,2
KM1057,201,Brachidontes variabilis,Brachidontes,0.5
KM1057,201,Ostrea species,Ostrea,1.5
KM1057,202,Chicoreus species,Chicoreus,6
KM1057,202,Chama species,Chama,1
KM1057,202,Conomurex fasciatus,Conomurex,875.5
KM1057,202,Strombus species,Strombus,37
KM1057,202,Trochus dentatus,Trochus,2.5
KM1057,202,Brachidontes variabilis,Brachidontes,0.5
KM1057,202,Chama species,Chama,1
KM1057,202,Ostrea species,Ostrea,0.5
KM1057,202,Pinctada species,Pinctada,0.5
KM1057,202,Spondylus species,Spondylus,30
KM1057,207,Chicoreus species,Chicoreus,3
KM1057,207,Conomurex fasciatus,Conomurex,67
KM1057,207,Trochus dentatus,Trochus,25
KM1057,207,Arca species,Arca,0.5
KM1057,207,Chama species,Chama,611
KM1057,207,Ostrea species,Ostrea,5
KM1057,207,Spondylus species,Spondylus,680
KM1057,203,Chama species,Chama,0.5
KM1057,203,Nerita species,Nerita,0.5
KM1057,203,Conomurex fasciatus,Conomurex,1643
KM1057,203,Chama species,Chama,53
KM1057,203,Ostrea species,Ostrea,2
KM1057,203,Plicatula plicata,Plicatula,3.5
KM1057,203,Spondylus species,Spondylus,5
KM1057,204,Chicoreus species,Chicoreus,8.5
KM1057,204,Chama species,Chama,1
KM1057,204,Conomurex fasciatus,Conomurex,1962
KM1057,204,Trochus dentatus,Trochus,1.5
KM1057,204,Ostrea species,Ostrea,1
KM1057,204,Spondylus species,Spondylus,0.5
KM1057,205,Chama species,Chama,3.5
KM1057,205,Conomurex fasciatus,Conomurex,2278
KM1057,205,Ostrea species,Ostrea,3.5
KM1057,208,Conomurex fasciatus,Conomurex,1877
KM1057,208,Ostrea species,Ostrea,2.5
KM1057,209,Conomurex fasciatus,Conomurex,1577.5
KM1057,209,Ostrea species,Ostrea,1
KM1057,210,Conomurex fasciatus,Conomurex,1972.5
KM1057,206,Conomurex fasciatus,Conomurex,1592
KM1057,206,Volema paradisiaca nodosa,Volema,2
KM1057,206,Spondylus species,Spondylus,97
KM1057,211,Conomurex fasciatus,Conomurex,1853.5
KM1057,212,Conomurex fasciatus,Conomurex,1815.5
KM1057,213,Conomurex fasciatus,Conomurex,1645
KM1057,213,Ostrea species,Ostrea,1
KM1057,214,Conomurex fasciatus,Conomurex,1523.5
KM1057,215,Conomurex fasciatus,Conomurex,1445.5
KM1057,216,Conomurex fasciatus,Conomurex,1618.5
KM1057,216,Ostrea species,Ostrea,4.5
KM1057,217,Conomurex fasciatus,Conomurex,1478.5
KM1057,299,Chicoreus species,Chicoreus,1.5
KM1057,299,Murex species,Murex,2
KM1057,299,Conomurex fasciatus,Conomurex,1436
KM1057,299,Chama species,Chama,21.5
KM1057,300,Chama species,Chama,0.5
KM1057,300,Murex species,Murex,2
KM1057,300,Conomurex fasciatus,Conomurex,1320.5
KM1057,300,Arca species,Arca,4.5
KM1057,300,Chama species,Chama,8
KM1057,301,Conomurex fasciatus,Conomurex,1552
KM1057,302,Conomurex fasciatus,Conomurex,1268
KM1057,302,Ostrea species,Ostrea,1.5
KM1057,303,Conomurex fasciatus,Conomurex,1398
KM1057,303,Trochus dentatus,Trochus,6
KM1057,304,Strombus erythrinus,Strombus,5
KM1057,304,Conomurex fasciatus,Conomurex,1399.5
KM1057,304,Ostrea species,Ostrea,0.5
KM1057,305,Conomurex fasciatus,Conomurex,1242.5
KM1057,305,Trochus dentatus,Trochus,1.5
KM1057,305,Volema paradisiaca nodosa,Volema,2
KM1057,306,Conomurex fasciatus,Conomurex,1278
KM1057,307,Murex species,Murex,1
KM1057,307,Conomurex fasciatus,Conomurex,862.5
KM1057,307,Ostrea species,Ostrea,1.5
KM1057,308,Conomurex fasciatus,Conomurex,1126
KM1057,308,Brachidontes variabilis,Brachidontes,0.5
KM1057,309,Limpet species,Limpet,1
KM1057,309,Conomurex fasciatus,Conomurex,1411.5
KM1057,309,Beguina gubernaculum,Beguina,4.5
KM1057,309,Ostrea species,Ostrea,1.5
KM1057,310,Cerithium species,Cerithium,1
KM1057,310,Conomurex fasciatus,Conomurex,1474.5
KM1057,310,Trochus dentatus,Trochus,0.5
KM1057,310,Plicatula plicata,Plicatula,7
KM1057,292,Conomurex fasciatus,Conomurex,1280
KM1057,292,Strombus species,Strombus,9.5
KM1057,292,Trochus dentatus,Trochus,4
KM1057,292,Chama species,Chama,49
KM1057,292,Ostrea species,Ostrea,2
KM1057,292,Spondylus species,Spondylus,18
KM1057,291,Nassarius species,Nassarius,2
KM1057,291,Conomurex fasciatus,Conomurex,601.5
KM1057,291,Volema paradisiaca nodosa,Volema,3.5
KM1057,291,Asaphinoides madreporicus,Asaphinoides,0.5
KM1057,291,Chama species,Chama,198.5
KM1057,291,Ostrea species,Ostrea,0.5
KM1057,291,Plicatula plicata,Plicatula,4
KM1057,291,Spondylus species,Spondylus,271
KM1057,290,Chicoreus species,Chicoreus,18.5
KM1057,290,Nerita textiles,Nerita,0.5
KM1057,290,Conomurex fasciatus,Conomurex,1154
KM1057,290,Trochus dentatus,Trochus,3.5
KM1057,290,Brachidontes variabilis,Brachidontes,0.5
KM1057,290,Chama species,Chama,536
KM1057,290,Ostrea species,Ostrea,3
KM1057,290,Plicatula plicata,Plicatula,59.5
KM1057,290,Spondylus species,Spondylus,131
KM1057,293,Chicoreus species,Chicoreus,149.5
KM1057,293,Conomurex fasciatus,Conomurex,649
KM1057,293,Trochus dentatus,Trochus,27
KM1057,293,Arca species,Arca,13
KM1057,293,Brachidontes variabilis,Brachidontes,0.5
KM1057,293,Chama species,Chama,847.5
KM1057,293,Ostrea species,Ostrea,5
KM1057,293,Plicatula plicata,Plicatula,46.5
KM1057,293,Spondylus species,Spondylus,18.5
KM1057,287,Nerita textiles,Nerita,0.5
KM1057,287,Pleuroploca trapezium,Pleuroploca,2.5
KM1057,287,Conomurex fasciatus,Conomurex,1224.5
KM1057,287,Turbo species,Turbo,2.5
KM1057,287,Arca species,Arca,2
KM1057,287,Brachidontes variabilis,Brachidontes,0.5
KM1057,287,Chama species,Chama,6.5
KM1057,287,Plicatula plicata,Plicatula,4
KM1057,287,Tellinidae species,Tellinidae,0.5
KM1057,286,Conomurex fasciatus,Conomurex,1349.5
KM1057,286,Mytilus species,Mytilus,0.5
KM1057,286,Ostrea species,Ostrea,1
KM1057,285,Chicoreus species,Chicoreus,11.5
KM1057,285,Conomurex fasciatus,Conomurex,1476
KM1057,285,Ostrea species,Ostrea,2.5
KM1057,284,Conomurex fasciatus,Conomurex,1097
KM1057,284,Chama species,Chama,0.5
KM1057,284,Mytilus species,Mytilus,1
KM1057,284,Ostrea species,Ostrea,2
KM1057,283,Chicoreus species,Chicoreus,2
KM1057,283,Conomurex fasciatus,Conomurex,1451
KM1057,283,Trochus dentatus,Trochus,2.5
KM1057,282,Conomurex fasciatus,Conomurex,52.5
KM1057,282,Trochus dentatus,Trochus,0.5
KM1057,282,Arca species,Arca,5
KM1057,282,Beguina gubernaculum,Beguina,14.5
KM1057,282,Chama species,Chama,0.5
KM1057,282,Plicatula plicata,Plicatula,1
KM1304,899,Conomurex fasciatus,Conomurex,1502.5
KM1304,899,Arca species,Arca,5
KM1304,899,Chama species,Chama,0.5
KM1307,902,Conomurex fasciatus,Conomurex,1227
KM1307,902,Strombus species,Strombus,1
KM1307,902,Arca species,Arca,4.5
KM1313,906,Nerita textiles,Nerita,0.5
KM1313,906,Conomurex fasciatus,Conomurex,730.5
KM1313,906,Strombus tricornis,Strombus,17.5
KM1313,906,Arca species,Arca,1.5
KM1313,908,Conomurex fasciatus,Conomurex,1507.5
KM1313,908,Strombus tricornis,Strombus,4
KM1313,908,Ostrea species,Ostrea,0.5
KM1317,910,Conomurex fasciatus,Conomurex,1157.5
KM1317,910,Strombus tricornis,Strombus,36.5
KM1317,910,Arca species,Arca,31
KM1317,910,Beguina gubernaculum,Beguina,1
KM1317,910,Chama species,Chama,29.5
KM1317,910,Plicatula plicata,Plicatula,84
KM1317,910,Spondylus species,Spondylus,0.5
KM1328,915,Cerithium adansonii,Cerithium,4.5
KM1328,915,Chicoreus species,Chicoreus,6
KM1328,915,Fusinus townsendi,Fusinus,7
KM1328,915,Nassarius splendidulus,Nassarius,1.5
KM1328,915,Conomurex fasciatus,Conomurex,1253
KM1328,915,Trochus dentatus,Trochus,2
KM1328,915,Arca species,Arca,15.5
KM1328,915,Beguina gubernaculum,Beguina,1
KM1328,915,Chama species,Chama,17.5
KM1328,915,Ostrea species,Ostrea,4
KM1328,915,Plicatula plicata,Plicatula,4
KM1330,918,Chicoreus species,Chicoreus,1.5
KM1330,918,Pleuroploca trapezium,Pleuroploca,14.5
KM1330,918,Conomurex fasciatus,Conomurex,675
KM1330,918,Trochus dentatus,Trochus,56.5
KM1330,918,Volema paradisiaca nodosa,Volema,7.5
KM1330,918,Arca species,Arca,26.5
KM1330,918,Chama species,Chama,189.5
KM1330,918,Chlamys species,Chlamys,4.5
KM1330,918,Ostrea species,Ostrea,5
KM1330,918,Pinctada species,Pinctada,2.5
KM1330,918,Plicatula plicata,Plicatula,32.5
KM1335,920,Chicoreus species,Chicoreus,0.5
KM1335,920,Nerita longii,Nerita,2
KM1335,920,Conomurex fasciatus,Conomurex,1457.5
KM1335,920,Strombus tricornis,Strombus,7.5
KM1335,920,Trochus species,Trochus,1.5
KM1335,920,Ostrea species,Ostrea,1
KM1336,923,Chicoreus species,Chicoreus,1
KM1336,923,Rapana rapiformis,Rapana,5.5
KM1336,923,Conomurex fasciatus,Conomurex,1647
KM1336,923,Chlamys species,Chlamys,1
KM1336,923,Ostrea species,Ostrea,0.5
JW0001,1074,Chicoreus species,Chicoreus,51
JW0001,1074,Chama species,Chama,7
JW0001,1074,Conomurex fasciatus,Conomurex,1023
JW0001,1074,Strombus tricornis,Strombus,195
JW0001,1074,Trochus dentatus,Trochus,12.5
JW0001,1074,Volema paradisiaca nodosa,Volema,34
JW0001,1074,Anadara antiquata,Anadara,75.5
JW0001,1074,Arca species,Arca,56.5
JW0001,1074,Beguina gubernaculum,Beguina,12.5
JW0001,1074,Chama species,Chama,2.5
JW0001,1074,Ostrea species,Ostrea,14
JW0001,1074,Pinctada species,Pinctada,4.5
JW0001,1074,Trapezium sublaevigatum,Trapezium,17
JW0002,1077,Chicoreus species,Chicoreus,825.5
JW0002,1077,Chama species,Chama,1.5
JW0002,1077,Pleuroploca trapezium,Pleuroploca,102
JW0002,1077,Conomurex fasciatus,Conomurex,875
JW0002,1077,Strombus tricornis,Strombus,193
JW0002,1077,Volema paradisiaca nodosa,Volema,63.5
JW0002,1077,Anadara antiquata,Anadara,14.5
JW0002,1077,Arca species,Arca,73
JW0002,1077,Beguina gubernaculum,Beguina,14
JW0002,1077,Brachidontes variabilis,Brachidontes,0.3
JW0002,1077,Chama species,Chama,82.5
JW0002,1077,Ostrea species,Ostrea,3.5
JW0002,1077,Pinctada species,Pinctada,17.5
JW0002,1077,Tapes deshayesi,Tapes,2.5
JW0002,1077,Limpet species,Limpet,0.5
JW0003,1080,Chicoreus species,Chicoreus,319
JW0003,1080,Nerita species,Nerita,26
JW0003,1080,Conomurex fasciatus,Conomurex,344
JW0003,1080,Strombus tricornis,Strombus,240
JW0003,1080,Trochus dentatus,Trochus,3
JW0003,1080,Arca species,Arca,5.5
JW0003,1080,Beguina gubernaculum,Beguina,7.5
JW0003,1080,Chama species,Chama,347.5
JW0003,1080,Ostrea species,Ostrea,5
JW0003,1080,Pinctada species,Pinctada,25.5
JW0003,1080,Plicatula plicata,Plicatula,44.5
JW0003,1080,Trapezium sublaevigatum,Trapezium,15
JW0004,1083,Chicoreus species,Chicoreus,15.5
JW0004,1083,Chama species,Chama,16.5
JW0004,1083,Conomurex fasciatus,Conomurex,1809
JW0004,1083,Strombus tricornis,Strombus,9
JW0004,1083,Trochus dentatus,Trochus,5.5
JW0004,1083,Volema paradisiaca nodosa,Volema,18.5
JW0004,1083,Arca species,Arca,10.5
JW0004,1083,Beguina gubernaculum,Beguina,2.5
JW0004,1083,Chama species,Chama,29
JW0004,1083,Ostrea species,Ostrea,6
JW0004,1083,Pinctada species,Pinctada,9.5
JW0005,1087,Chicoreus species,Chicoreus,1.5
JW0005,1087,Conus arenatus,Conus,23
JW0005,1087,Chama species,Chama,6
JW0005,1087,Nassarius species,Nassarius,3
JW0005,1087,Nerita species,Nerita,5
JW0005,1087,Conomurex fasciatus,Conomurex,917.5
JW0005,1087,Strombus tricornis,Strombus,22
JW0005,1087,Trochus dentatus,Trochus,0.5
JW0005,1087,Volema paradisiaca nodosa,Volema,11
JW0005,1087,Arca species,Arca,2.5
JW0005,1087,Chama species,Chama,90.5
JW0005,1087,Modiolus auriculatus,Modiolus,2.5
JW0005,1087,Ostrea species,Ostrea,1
JW0005,1087,Pinctada species,Pinctada,4.5
JW0006,1090,Chicoreus species,Chicoreus,4
JW0006,1090,Conus ardisiaceus,Conus,7.5
JW0006,1090,Conus arenatus,Conus,1.5
JW0006,1090,Chama species,Chama,2.5
JW0006,1090,Nassarius species,Nassarius,2
JW0006,1090,Nerita species,Nerita,0.5
JW0006,1090,Conomurex fasciatus,Conomurex,1672.5
JW0006,1090,Strombus tricornis,Strombus,17.5
JW0006,1090,Arca species,Arca,2
JW0006,1090,Beguina gubernaculum,Beguina,7.5
JW0006,1090,Chama species,Chama,31
JW0006,1090,Ostrea species,Ostrea,6.5
JW0006,1090,Pinctada species,Pinctada,26.5
JW0007,1093,Chicoreus species,Chicoreus,3.5
JW0007,1093,Conus arenatus,Conus,0.5
JW0007,1093,Cyprea turdus,Cyprea,2
JW0007,1093,Nerita longii,Nerita,2
JW0007,1093,Conomurex fasciatus,Conomurex,2141
JW0007,1093,Strombus tricornis,Strombus,3
JW0007,1093,Volema paradisiaca nodosa,Volema,7.5
JW0007,1093,Chama species,Chama,1.5
JW0007,1093,Ostrea species,Ostrea,0.5
JW0007,1093,Pinctada species,Pinctada,2.5
JW0008,1098,Chicoreus species,Chicoreus,35.5
JW0008,1098,Conus arenatus,Conus,26
JW0008,1098,Chama species,Chama,5.5
JW0008,1098,Nerita longii,Nerita,0.5
JW0008,1098,Conomurex fasciatus,Conomurex,1394
JW0008,1098,Strombus tricornis,Strombus,20.5
JW0008,1098,Volema paradisiaca nodosa,Volema,22
JW0008,1098,Arca species,Arca,90.5
JW0008,1098,Beguina gubernaculum,Beguina,44
JW0008,1098,Chama species,Chama,22.5
JW0008,1098,Modiolus auriculatus,Modiolus,30.5
JW0008,1098,Ostrea species,Ostrea,2.5
JW0008,1098,Pinctada species,Pinctada,53
JW0008,1098,Plicatula plicata,Plicatula,8
JW0009,1102,Chicoreus species,Chicoreus,13
JW0009,1102,Conus arenatus,Conus,4
JW0009,1102,Chama species,Chama,2.5
JW0009,1102,Ocinebrina species,Ocinebrina,0.5
JW0009,1102,Conomurex fasciatus,Conomurex,1267.5
JW0009,1102,Strombus tricornis,Strombus,6
JW0009,1102,Trochus dentatus,Trochus,3
JW0009,1102,Volema paradisiaca nodosa,Volema,14
JW0009,1102,Arca species,Arca,11
JW0009,1102,Beguina gubernaculum,Beguina,30
JW0009,1102,Chama species,Chama,53
JW0009,1102,Modiolus auriculatus,Modiolus,8.5
JW0009,1102,Ostrea species,Ostrea,9.5
JW0009,1102,Pinctada species,Pinctada,52.5
JW0010,1106,Chicoreus species,Chicoreus,3.5
JW0010,1106,Nerita species,Nerita,5
JW0010,1106,Conomurex fasciatus,Conomurex,1560.5
JW0010,1106,Strombus species,Strombus,6.5
JW0010,1106,Volema paradisiaca nodosa,Volema,15.5
JW0010,1106,Chama species,Chama,28.5
JW0010,1106,Modiolus species,Modiolus,1
JW0010,1106,Ostrea species,Ostrea,3.5
JW0010,1106,Pinctada species,Pinctada,4.5
JW0011,1110,Cerithium species,Cerithium,2.5
JW0011,1110,Chicoreus species,Chicoreus,166
JW0011,1110,Cyprea clandestina,Cyprea,1
JW0011,1110,Nerita species,Nerita,1.5
JW0011,1110,Conomurex fasciatus,Conomurex,304
JW0011,1110,Strombus species,Strombus,6
JW0011,1110,Arca species,Arca,16.5
JW0011,1110,Beguina gubernaculum,Beguina,6.5
JW0011,1110,Ostrea species,Ostrea,3.5
JW0011,1110,Pinctada species,Pinctada,45.5
JW0012,1113,Chicoreus species,Chicoreus,15.5
JW0012,1113,Nerita species,Nerita,1.5
JW0012,1113,Conomurex fasciatus,Conomurex,1376.5
JW0012,1113,Strombus tricornis,Strombus,16.5
JW0012,1113,Trochus species,Trochus,0.5
JW0012,1113,Volema paradisiaca nodosa,Volema,8.5
JW0012,1113,Arca species,Arca,29
JW0012,1113,Beguina gubernaculum,Beguina,10.5
JW0012,1113,Brachidontes variabilis,Brachidontes,15
JW0012,1113,Chama species,Chama,37.5
JW0012,1113,Modiolus auriculatus,Modiolus,15.5
JW0012,1113,Ostrea species,Ostrea,10.5
JW0012,1113,Pinctada species,Pinctada,49.5
JW0012,1113,Plicatula plicata,Plicatula,8.5
JW0013,1116,Chicoreus species,Chicoreus,103
JW0013,1116,Conus arenatus,Conus,4.5
JW0013,1116,Conomurex fasciatus,Conomurex,1532.5
JW0013,1116,Trochus dentatus,Trochus,4.5
JW0013,1116,Volema paradisiaca nodosa,Volema,3
JW0013,1116,Arca species,Arca,5.5
JW0013,1116,Beguina gubernaculum,Beguina,31.5
JW0013,1116,Brachidontes variabilis,Brachidontes,0.3
JW0013,1116,Chama species,Chama,13.5
JW0013,1116,Ostrea species,Ostrea,8.5
JW0013,1116,Pinctada species,Pinctada,98
JW0013,1116,Plicatula plicata,Plicatula,7.5
JW0014,1119,Chicoreus species,Chicoreus,12.5
JW0014,1119,Conus ardisiaceus,Conus,0.5
JW0014,1119,Conus arenatus,Conus,8
JW0014,1119,Chama species,Chama,8
JW0014,1119,Conomurex fasciatus,Conomurex,1384
JW0014,1119,Strombus species,Strombus,11
JW0014,1119,Volema paradisiaca nodosa,Volema,13
JW0014,1119,Arca species,Arca,3.5
JW0014,1119,Beguina gubernaculum,Beguina,33.5
JW0014,1119,Brachidontes variabilis,Brachidontes,0.3
JW0014,1119,Chama species,Chama,14
JW0014,1119,Modiolus auriculatus,Modiolus,35
JW0014,1119,Ostrea species,Ostrea,7.5
JW0014,1119,Pinctada species,Pinctada,77.5
JW0014,1119,Plicatula plicata,Plicatula,3
JW0015,1123,Chicoreus species,Chicoreus,163.5
JW0015,1123,Conus arenatus,Conus,22
JW0015,1123,Cypraea species,Cypraea,73
JW0015,1123,Murex species,Murex,2.5
JW0015,1123,Conomurex fasciatus,Conomurex,950
JW0015,1123,Volema paradisiaca nodosa,Volema,14.5
JW0015,1123,Arca species,Arca,78.5
JW0015,1123,Beguina gubernaculum,Beguina,28.5
JW0015,1123,Chama species,Chama,84
JW0015,1123,Modiolus auriculatus,Modiolus,14.5
JW0015,1123,Ostrea species,Ostrea,28.5
JW0015,1123,Pinctada species,Pinctada,260
JW0015,1123,Plicatula plicata,Plicatula,29.5
JW0016,1128,Chicoreus species,Chicoreus,4
JW0016,1128,Conus arenatus,Conus,18.5
JW0016,1128,Conus erythraeensis,Conus,4
JW0016,1128,Chama species,Chama,4
JW0016,1128,Nerita species,Nerita,1
JW0016,1128,Conomurex fasciatus,Conomurex,1695
JW0016,1128,Strombus tricornis,Strombus,13
JW0016,1128,Trochus dentatus,Trochus,1
JW0016,1128,Volema paradisiaca nodosa,Volema,4
JW0016,1128,Brachidontes variabilis,Brachidontes,0.3
JW0016,1128,Chama species,Chama,23.5
JW0016,1128,Ostrea species,Ostrea,7
JW0016,1128,Pinctada species,Pinctada,77.5
JW0016,1128,Plicatula plicata,Plicatula,3
JW0017,1132,Chicoreus species,Chicoreus,16
JW0017,1132,Conus arenatus,Conus,1
JW0017,1132,Conus textile,Conus,2
JW0017,1132,Gyrineum notator,Gyrineum,3
JW0017,1132,Conomurex fasciatus,Conomurex,105
JW0017,1132,Arca species,Arca,36.5
JW0017,1132,Beguina gubernaculum,Beguina,50.5
JW0017,1132,Brachidontes variabilis,Brachidontes,0.3
JW0017,1132,Cardites bicolor,Cardites,20
JW0017,1132,Chama species,Chama,25.5
JW0017,1132,Modiolus species,Modiolus,2
JW0017,1132,Ostrea species,Ostrea,171.5
JW0017,1132,Pinctada species,Pinctada,1333
JW0017,1132,Plicatula plicata,Plicatula,158
JW0017,1132,Spondylus species,Spondylus,7.5
JW0017,1132,Limpet species,Limpet,0.3
JW0018,1137,Chama species,Chama,1
JW0018,1137,Cypraea species,Cypraea,0.3
JW0018,1137,Engina mendicaria,Engina,0.5
JW0018,1137,Nassarius species,Nassarius,2
JW0018,1137,Nerita species,Nerita,1.5
JW0018,1137,Conomurex fasciatus,Conomurex,676
JW0018,1137,Strombus species,Strombus,3.5
JW0018,1137,Trochus dentatus,Trochus,4
JW0018,1137,Arca species,Arca,15
JW0018,1137,Brachidontes variabilis,Brachidontes,0.3
JW0018,1137,Chama species,Chama,21.5
JW0018,1137,Modiolus auriculatus,Modiolus,1.5
JW0018,1137,Ostrea species,Ostrea,11
JW0018,1137,Pinctada species,Pinctada,266
JW0018,1137,Pitar species,Pitar,3.5
JW0018,1137,Plicatula plicata,Plicatula,61.5
JW0018,1137,Limpet species,Limpet,0.5
JW0019,1140,Chicoreus species,Chicoreus,44
JW0019,1140,Chama species,Chama,3
JW0019,1140,Nerita species,Nerita,5
JW0019,1140,Ocinebrina species,Ocinebrina,2
JW0019,1140,Conomurex fasciatus,Conomurex,116
JW0019,1140,Submarginula subrugosa,Submarginula,0.3
JW0019,1140,Trochus erithreus,Trochus,0.3
JW0019,1140,Arca species,Arca,14
JW0019,1140,Brachidontes variabilis,Brachidontes,0.3
JW0019,1140,Chama species,Chama,154.5
JW0019,1140,Chlamys species,Chlamys,0.3
JW0019,1140,Ostrea species,Ostrea,42.5
JW0019,1140,Pinctada species,Pinctada,621.5
JW0019,1140,Plicatula plicata,Plicatula,59
JW0019,1140,Spondylus species,Spondylus,66
JW0019,1140,Limpet species,Limpet,1
JW0021,1144,Chicoreus species,Chicoreus,3.5
JW0021,1144,Morula aspera,Morula,0.5
JW0021,1144,Conomurex fasciatus,Conomurex,2446.5
JW0021,1144,Strombus tricornis,Strombus,24
JW0021,1144,Ostrea species,Ostrea,1.5
JW0021,1144,Tridacna maxima,Tridacna,135
JW1705,2754,Chicoreus species,Chicoreus,20.5
JW1705,2754,Conomurex fasciatus,Conomurex,54
JW1705,2754,Arca species,Arca,2.5
JW1705,2754,Ostrea species,Ostrea,1
JW1705,2755,Chicoreus species,Chicoreus,78.5
JW1705,2755,Chama species,Chama,12
JW1705,2755,Conomurex fasciatus,Conomurex,876.5
JW1705,2755,Strombus tricornis,Strombus,9
JW1705,2755,Volema paradisiaca nodosa,Volema,1
JW1705,2755,Ostrea species,Ostrea,1.5
JW1705,2755,Pinctada species,Pinctada,3.5
JW1705,2755,Plicatula plicata,Plicatula,4.5
JW1705,2756,Chama species,Chama,27.5
JW1705,2756,Nerita species,Nerita,1.5
JW1705,2756,Conomurex fasciatus,Conomurex,3257
JW1705,2756,Strombus tricornis,Strombus,127
JW1705,2756,Volema paradisiaca nodosa,Volema,3.5
JW1705,2756,Arca species,Arca,6
JW1705,2756,Pinctada species,Pinctada,5
JW1705,2756,Plicatula plicata,Plicatula,14
JW1705,2757,Nerita species,Nerita,4.5
JW1705,2757,Conomurex fasciatus,Conomurex,58
JW1705,2757,Trochus dentatus,Trochus,0.5
JW1705,2757,Brachidontes variabilis,Brachidontes,0.5
JW1705,2757,Pinctada species,Pinctada,0.5
JW1705,2758,Chicoreus species,Chicoreus,2
JW1705,2758,Nerita species,Nerita,2.5
JW1705,2758,Conomurex fasciatus,Conomurex,105.5
JW1705,2758,Trochus dentatus,Trochus,0.5
JW1705,2758,Arca species,Arca,2.5
JW1705,2758,Brachidontes variabilis,Brachidontes,0.5
JW1705,2758,Ostrea species,Ostrea,1
JW1705,2758,Pinctada species,Pinctada,1
JW1705,2759,Nerita species,Nerita,5
JW1705,2759,Arca species,Arca,2.5
JW1705,2761,Chicoreus species,Chicoreus,133
JW1705,2761,Ergalatax species,Ergalatax,3.5
JW1705,2761,Conomurex fasciatus,Conomurex,6
JW1705,2761,Volema paradisiaca nodosa,Volema,3
JW1705,2762,Chicoreus species,Chicoreus,29
JW1705,2762,Chama species,Chama,30.82
JW1705,2762,Conomurex fasciatus,Conomurex,30
JW1705,2762,Chama species,Chama,14.5
JW1705,2763,Chicoreus species,Chicoreus,13.5
JW1705,2763,Conomurex fasciatus,Conomurex,1.5
JW1705,2763,Strombus tricornis,Strombus,165
JW1705,2764,Chicoreus species,Chicoreus,70.5
JW1705,2764,Conomurex fasciatus,Conomurex,5
JW1705,2764,Pinctada species,Pinctada,2.5
JW1705,2765,Chicoreus species,Chicoreus,38.5
JW1705,2765,Ergalatax species,Ergalatax,0.5
JW1705,2765,Conomurex fasciatus,Conomurex,18.5
JW1705,2765,Strombus tricornis,Strombus,72.5
JW1705,2765,Ostrea species,Ostrea,2
JW1705,2766,Chicoreus species,Chicoreus,52.5
JW1705,2766,Conomurex fasciatus,Conomurex,32.5
JW1705,2766,Strombus tricornis,Strombus,57.5
JW1705,2766,Trochus dentatus,Trochus,18.5
JW1705,2766,Beguina gubernaculum,Beguina,4.5
JW1705,2766,Ostrea species,Ostrea,1.5
JW1705,2767,Chicoreus species,Chicoreus,17.5
JW1705,2767,Strombus tricornis,Strombus,251.5
JW1705,2767,Trochus dentatus,Trochus,28
JW1705,2768,Chicoreus species,Chicoreus,24
JW1705,2768,Conomurex fasciatus,Conomurex,67.5
JW1705,2768,Strombus tricornis,Strombus,122
JW1705,2768,Arca species,Arca,16
JW1727_A,2769,Conus ardisiaceus,Conus,3.5
JW1727_A,2769,Chama species,Chama,3
JW1727_A,2769,Nassarius species,Nassarius,0.5
JW1727_A,2769,Nerita species,Nerita,1.5
JW1727_A,2769,Conomurex fasciatus,Conomurex,129
JW1727_A,2769,Volema paradisiaca nodosa,Volema,4
JW1727_A,2769,Amygdalum watsoni,Amygdalum,1.5
JW1727_A,2769,Arca species,Arca,33
JW1727_A,2769,Brachidontes variabilis,Brachidontes,0.5
JW1727_A,2769,Chama species,Chama,1
JW1727_A,2769,Fragum nivale,Fragum,0.5
JW1727_A,2769,Gafrarium pectinatum,Gafrarium,2
JW1727_A,2769,Modiolus species,Modiolus,7.5
JW1727_A,2769,Ostrea species,Ostrea,12
JW1727_A,2769,Spondylus species,Spondylus,2
JW1727_A,2770,Chicoreus species,Chicoreus,34
JW1727_A,2770,Conus ardisiaceus,Conus,1
JW1727_A,2770,Chama species,Chama,4.5
JW1727_A,2770,Nassarius species,Nassarius,1
JW1727_A,2770,Nerita species,Nerita,1
JW1727_A,2770,Nerita textiles,Nerita,2.5
JW1727_A,2770,Prunum terverianum,Prunum,0.5
JW1727_A,2770,Conomurex fasciatus,Conomurex,623
JW1727_A,2770,Volema paradisiaca nodosa,Volema,13
JW1727_A,2770,Arca species,Arca,66.5
JW1727_A,2770,Beguina gubernaculum,Beguina,38.5
JW1727_A,2770,Brachidontes variabilis,Brachidontes,0.5
JW1727_A,2770,Chama species,Chama,3
JW1727_A,2770,Gafrarium pectinatum,Gafrarium,0.5
JW1727_A,2770,Isognomon species,Isognomon,1
JW1727_A,2770,Modiolus auriculatus,Modiolus,75
JW1727_A,2770,Modiolus species,Modiolus,2
JW1727_A,2770,Ostrea species,Ostrea,9
JW1727_A,2770,Pinctada species,Pinctada,23
JW1727_A,2770,Vulsella species,Vulsella,1
JW1727_A,2771,Ancilla lineolata,Ancilla,0.5
JW1727_A,2771,Chama species,Chama,1
JW1727_A,2771,Cypraea species,Cypraea,0.5
JW1727_A,2771,Diodora species,Diodora,0.5
JW1727_A,2771,Mitra fasciolaris,Mitra,1
JW1727_A,2771,Nerita textiles,Nerita,2
JW1727_A,2771,Conomurex fasciatus,Conomurex,997.5
JW1727_A,2771,Volema paradisiaca nodosa,Volema,1
JW1727_A,2771,Arca species,Arca,146.5
JW1727_A,2771,Beguina gubernaculum,Beguina,87
JW1727_A,2771,Brachidontes variabilis,Brachidontes,2
JW1727_A,2771,Chama species,Chama,37.5
JW1727_A,2771,Gafrarium pectinatum,Gafrarium,1.5
JW1727_A,2771,Irus macrophylla,Irus,0.5
JW1727_A,2771,Modiolus auriculatus,Modiolus,101
JW1727_A,2771,Ostrea species,Ostrea,11.5
JW1727_A,2771,Pinctada species,Pinctada,36
JW1727_A,2771,Vulsella species,Vulsella,0.5
JW1727_A,2772,Chama species,Chama,0.5
JW1727_A,2772,Cypraea species,Cypraea,0.5
JW1727_A,2772,Ergalatax species,Ergalatax,1
JW1727_A,2772,Nerita textiles,Nerita,3.5
JW1727_A,2772,Conomurex fasciatus,Conomurex,171
JW1727_A,2772,Volema paradisiaca nodosa,Volema,10.5
JW1727_A,2772,Arca species,Arca,151.5
JW1727_A,2772,Beguina gubernaculum,Beguina,115
JW1727_A,2772,Brachidontes variabilis,Brachidontes,0.5
JW1727_A,2772,Chama species,Chama,47.5
JW1727_A,2772,Gafrarium pectinatum,Gafrarium,1
JW1727_A,2772,Modiolus auriculatus,Modiolus,51
JW1727_A,2772,Ostrea species,Ostrea,10
JW1727_A,2772,Vulsella species,Vulsella,1
JW1727_A,2774,Chama species,Chama,15.5
JW1727_A,2774,Cypraea caurica,Cypraea,5
JW1727_A,2774,Cypraea species,Cypraea,5.5
JW1727_A,2774,Nerita textiles,Nerita,1.5
JW1727_A,2774,Conomurex fasciatus,Conomurex,158.5
JW1727_A,2774,Volema paradisiaca nodosa,Volema,6
JW1727_A,2774,Arca species,Arca,160
JW1727_A,2774,Beguina gubernaculum,Beguina,152
JW1727_A,2774,Botula cinnamomea,Botula,0.5
JW1727_A,2774,Brachidontes variabilis,Brachidontes,1
JW1727_A,2774,Chama species,Chama,2
JW1727_A,2774,Modiolus auriculatus,Modiolus,61
JW1727_A,2774,Ostrea species,Ostrea,8.5
JW1727_A,2774,Pinctada species,Pinctada,3.5
JW1727_A,2774,Spondylus species,Spondylus,5.5
JW1727_A,2775,Chicoreus species,Chicoreus,16.5
JW1727_A,2775,Chama species,Chama,9
JW1727_A,2775,Diodora species,Diodora,0.5
JW1727_A,2775,Ergalatax species,Ergalatax,1
JW1727_A,2775,Strombus erythrinus,Strombus,3.5
JW1727_A,2775,Conomurex fasciatus,Conomurex,987
JW1727_A,2775,Trochus dentatus,Trochus,5.5
JW1727_A,2775,Volema species,Volema,1.5
JW1727_A,2775,Arca species,Arca,220.5
JW1727_A,2775,Beguina gubernaculum,Beguina,66
JW1727_A,2775,Brachidontes variabilis,Brachidontes,0.5
JW1727_A,2775,Chama species,Chama,30
JW1727_A,2775,Modiolus auriculatus,Modiolus,66
JW1727_A,2775,Ostrea species,Ostrea,23
JW1727_A,2775,Pinctada species,Pinctada,29.5
JW1727_A,2775,Spondylus species,Spondylus,5
JW1727_A,2778,Chama species,Chama,0.5
JW1727_A,2778,Diodora species,Diodora,0.5
JW1727_A,2778,Conomurex fasciatus,Conomurex,534
JW1727_A,2778,Arca species,Arca,9.5
JW1727_A,2778,Beguina gubernaculum,Beguina,9
JW1727_A,2778,Brachidontes variabilis,Brachidontes,1
JW1727_A,2778,Chama species,Chama,0.5
JW1727_A,2778,Gafrarium pectinatum,Gafrarium,0.5
JW1727_A,2778,Modiolus auriculatus,Modiolus,11
JW1727_A,2778,Pinctada species,Pinctada,1.5
JW1727_A,2779,Conomurex fasciatus,Conomurex,1271
JW1727_A,2779,Strombus tricornis,Strombus,10
JW1727_A,2779,Volema paradisiaca nodosa,Volema,0.5
JW1727_A,2779,Arca species,Arca,0.5
JW1727_A,2779,Beguina gubernaculum,Beguina,3
JW1727_A,2779,Modiolus auriculatus,Modiolus,10.5
JW1727_A,2779,Ostrea species,Ostrea,0.5
JW1727_A,2779,Pinctada species,Pinctada,1
JW1727_A,2779,Tapes deshayesi,Tapes,4
JW1727_A,2780,Chama species,Chama,2.5
JW1727_A,2780,Conomurex fasciatus,Conomurex,1131.5
JW1727_A,2780,Strombus tricornis,Strombus,13.5
JW1727_A,2780,Volema paradisiaca nodosa,Volema,0.5
JW1727_A,2780,Arca species,Arca,132.5
JW1727_A,2780,Beguina gubernaculum,Beguina,20.5
JW1727_A,2780,Brachidontes variabilis,Brachidontes,1.5
JW1727_A,2780,Chama species,Chama,66
JW1727_A,2780,Modiolus auriculatus,Modiolus,77
JW1727_A,2780,Ostrea species,Ostrea,3.5
JW1727_A,2780,Pinctada species,Pinctada,28
JW1727_A,2782,Chicoreus species,Chicoreus,7
JW1727_A,2782,Conus arenatus,Conus,17.5
JW1727_A,2782,Conomurex fasciatus,Conomurex,210
JW1727_A,2782,Strombus tricornis,Strombus,35
JW1727_A,2782,Strombus species,Strombus,21
JW1727_A,2782,Trochus dentatus,Trochus,4.5
JW1727_A,2782,Volema paradisiaca nodosa,Volema,0.5
JW1727_A,2782,Arca species,Arca,6.5
JW1727_A,2782,Beguina gubernaculum,Beguina,17
JW1727_A,2782,Chama species,Chama,4
JW1727_A,2782,Modiolus auriculatus,Modiolus,4
JW1727_A,2782,Mytilus species,Mytilus,5.5
JW1727_A,2782,Ostrea species,Ostrea,20.5
JW1727_A,2782,Pinctada species,Pinctada,8
JW1727_A,2782,Septifer forskali,Septifer,0.5
JW1727_A,2783,Chicoreus species,Chicoreus,21.5
JW1727_A,2783,Chama species,Chama,0.5
JW1727_A,2783,Nerita species,Nerita,3.5
JW1727_A,2783,Stomatellinae species,Stomatellinae,0.5
JW1727_A,2783,Conomurex fasciatus,Conomurex,537.5
JW1727_A,2783,Strombus tricornis,Strombus,8
JW1727_A,2783,Strombus species,Strombus,9
JW1727_A,2783,Volema paradisiaca nodosa,Volema,3.5
JW1727_A,2783,Arca species,Arca,6.5
JW1727_A,2783,Chama species,Chama,24
JW1727_A,2783,Modiolus auriculatus,Modiolus,1.5
JW1727_A,2783,Modiolus species,Modiolus,2
JW1727_A,2783,Ostrea species,Ostrea,10.5
JW1727_A,2783,Pinctada species,Pinctada,53
JW1727_A,2783,Plicatula plicata,Plicatula,0.5
JW1727_A,2784,Chicoreus species,Chicoreus,3
JW1727_A,2784,Chama species,Chama,0.5
JW1727_A,2784,Nerita textiles,Nerita,2.5
JW1727_A,2784,Rapana rapiformis,Rapana,1
JW1727_A,2784,Conomurex fasciatus,Conomurex,464.5
JW1727_A,2784,Strombus tricornis,Strombus,20
JW1727_A,2784,Trochus dentatus,Trochus,4
JW1727_A,2784,Volema paradisiaca nodosa,Volema,1
JW1727_A,2784,Arca species,Arca,1.5
JW1727_A,2784,Brachidontes variabilis,Brachidontes,0.5
JW1727_A,2784,Chama species,Chama,11
JW1727_A,2784,Modiolus auriculatus,Modiolus,2.5
JW1727_A,2784,Ostrea species,Ostrea,2
JW1727_A,2784,Pinctada species,Pinctada,26.5
JW1727_A,2786,Chicoreus species,Chicoreus,4
JW1727_A,2786,Conus arenatus,Conus,8
JW1727_A,2786,Conus species,Conus,2.5
JW1727_A,2786,Chama species,Chama,0.5
JW1727_A,2786,Cypraea species,Cypraea,0.5
JW1727_A,2786,Nassarius species,Nassarius,0.5
JW1727_A,2786,Nerita textiles,Nerita,2.5
JW1727_A,2786,Prunum terverianum,Prunum,0.5
JW1727_A,2786,Conomurex fasciatus,Conomurex,778.5
JW1727_A,2786,Strombus mutabilis,Strombus,3
JW1727_A,2786,Strombus tricornis,Strombus,15
JW1727_A,2786,Strombus species,Strombus,5
JW1727_A,2786,Volema paradisiaca nodosa,Volema,5
JW1727_A,2786,Arca species,Arca,11.5
JW1727_A,2786,Brachidontes variabilis,Brachidontes,0.5
JW1727_A,2786,Chama species,Chama,8.5
JW1727_A,2786,Modiolus auriculatus,Modiolus,17.5
JW1727_A,2786,Ostrea species,Ostrea,20.5
JW1727_A,2786,Pinctada species,Pinctada,77.5
JW1727_A,2786,Plicatula plicata,Plicatula,7.5
JW1727_A,2786,Septifer forskali,Septifer,0.5
JW1727_A,2788,Chicoreus species,Chicoreus,10
JW1727_A,2788,Conus arenatus,Conus,5
JW1727_A,2788,Nerita textiles,Nerita,0.5
JW1727_A,2788,Rapana species,Rapana,1
JW1727_A,2788,Conomurex fasciatus,Conomurex,1406.5
JW1727_A,2788,Strombus species,Strombus,17.5
JW1727_A,2788,Volema paradisiaca nodosa,Volema,7.5
JW1727_A,2788,Arca species,Arca,98
JW1727_A,2788,Beguina gubernaculum,Beguina,486.5
JW1727_A,2788,Brachidontes variabilis,Brachidontes,0.5
JW1727_A,2788,Chama species,Chama,76.5
JW1727_A,2788,Modiolus auriculatus,Modiolus,74
JW1727_A,2788,Ostrea species,Ostrea,15
JW1727_A,2788,Pinctada species,Pinctada,133
JW1727_A,2811,Chicoreus species,Chicoreus,3
JW1727_A,2811,Conus arenatus,Conus,9
JW1727_A,2811,Chama species,Chama,0.5
JW1727_A,2811,Nerita textiles,Nerita,0.5
JW1727_A,2811,Ocinebrina species,Ocinebrina,0.5
JW1727_A,2811,Conomurex fasciatus,Conomurex,1300.5
JW1727_A,2811,Strombus tricornis,Strombus,8
JW1727_A,2811,Trochus erithreus,Trochus,2.5
JW1727_A,2811,Volema paradisiaca nodosa,Volema,0.5
JW1727_A,2811,Arca species,Arca,18
JW1727_A,2811,Brachidontes variabilis,Brachidontes,3.5
JW1727_A,2811,Modiolus species,Modiolus,3
JW1727_A,2811,Ostrea species,Ostrea,6
JW1727_A,2811,Pinctada species,Pinctada,42.5
JW1727_A,2811,Plicatula plicata,Plicatula,5
JW1727_A,2812,Chicoreus species,Chicoreus,3
JW1727_A,2812,Conus arenatus,Conus,15
JW1727_A,2812,Chama species,Chama,2.5
JW1727_A,2812,Nerita textiles,Nerita,0.5
JW1727_A,2812,Conomurex fasciatus,Conomurex,1186
JW1727_A,2812,Strombus tricornis,Strombus,15
JW1727_A,2812,Volema paradisiaca nodosa,Volema,1
JW1727_A,2812,Arca species,Arca,71
JW1727_A,2812,Beguina gubernaculum,Beguina,28.5
JW1727_A,2812,Brachidontes variabilis,Brachidontes,3
JW1727_A,2812,Chama species,Chama,14.5
JW1727_A,2812,Modiolus auriculatus,Modiolus,27.5
JW1727_A,2812,Ostrea species,Ostrea,10
JW1727_A,2812,Pinctada species,Pinctada,65.5
JW1727_A,2812,Spondylus species,Spondylus,0.5
JW1727_A,2815,Conus species,Conus,9
JW1727_A,2815,Chama species,Chama,2
JW1727_A,2815,Nerita species,Nerita,0.5
JW1727_A,2815,Conomurex fasciatus,Conomurex,1183.5
JW1727_A,2815,Volema paradisiaca nodosa,Volema,10.5
JW1727_A,2815,Arca species,Arca,19.5
JW1727_A,2815,Brachidontes variabilis,Brachidontes,0.5
JW1727_A,2815,Chama species,Chama,54
JW1727_A,2815,Dendrostrea species,Dendrostrea,9
JW1727_A,2815,Irus macrophylla,Irus,0.5
JW1727_A,2815,Ostrea species,Ostrea,11
JW1727_A,2815,Pinctada species,Pinctada,27.5
JW1727_A,2815,Septifer forskali,Septifer,0.5
JW1727_A,2816,Chicoreus species,Chicoreus,1
JW1727_A,2816,Conus ardisiaceus,Conus,4
JW1727_A,2816,Conus erythraeensis,Conus,13.5
JW1727_A,2816,Chama species,Chama,8
JW1727_A,2816,Diacavolinia flexipes,Diacavolinia,0.5
JW1727_A,2816,Diodora species,Diodora,0.5
JW1727_A,2816,Ergalatax species,Ergalatax,0.5
JW1727_A,2816,Nerita species,Nerita,2.5
JW1727_A,2816,Conomurex fasciatus,Conomurex,325
JW1727_A,2816,Volema paradisiaca nodosa,Volema,4.5
JW1727_A,2816,Acrosterigma maculosum,Acrosterigma,1
JW1727_A,2816,Arca species,Arca,31
JW1727_A,2816,Beguina gubernaculum,Beguina,39
JW1727_A,2816,Brachidontes variabilis,Brachidontes,2
JW1727_A,2816,Chama species,Chama,46.5
JW1727_A,2816,Dendrostrea species,Dendrostrea,13
JW1727_A,2816,Gafrarium pectinatum,Gafrarium,4.5
JW1727_A,2816,Irus macrophylla,Irus,0.5
JW1727_A,2816,Mytilus species,Mytilus,1
JW1727_A,2816,Ostrea species,Ostrea,49
JW1727_A,2816,Pinctada species,Pinctada,488
JW1727_A,2816,Plicatula plicata,Plicatula,39.5
JW1727_A,2816,Spondylus species,Spondylus,0.5
JW1727_A,2817,Chicoreus species,Chicoreus,25
JW1727_A,2817,Conus arenatus,Conus,1
JW1727_A,2817,Conus erythraeensis,Conus,3
JW1727_A,2817,Chama species,Chama,1
JW1727_A,2817,Diacavolinia flexipes,Diacavolinia,0.5
JW1727_A,2817,Nerita textiles,Nerita,10.5
JW1727_A,2817,Nerita species,Nerita,1.5
JW1727_A,2817,Rapana rapiformis,Rapana,28
JW1727_A,2817,Conomurex fasciatus,Conomurex,213
JW1727_A,2817,Strombus tricornis,Strombus,15.5
JW1727_A,2817,Volema paradisiaca nodosa,Volema,8.5
JW1727_A,2817,Arca species,Arca,23
JW1727_A,2817,Beguina gubernaculum,Beguina,13.5
JW1727_A,2817,Brachidontes variabilis,Brachidontes,7.5
JW1727_A,2817,Chama species,Chama,0.5
JW1727_A,2817,Modiolus auriculatus,Modiolus,3
JW1727_A,2817,Ostrea species,Ostrea,4.5
JW1727_A,2817,Pinctada species,Pinctada,26
JW1727_A,2818,Chama species,Chama,7
JW1727_A,2818,Diacavolinia flexipes,Diacavolinia,0.5
JW1727_A,2818,Ergalatax species,Ergalatax,1
JW1727_A,2818,Haminoea pemphis,Haminoea,1.5
JW1727_A,2818,Nassarius species,Nassarius,1
JW1727_A,2818,Nerita longii,Nerita,2.5
JW1727_A,2818,Nerita species,Nerita,9
JW1727_A,2818,Nerita textiles,Nerita,2.5
JW1727_A,2818,Nerita species,Nerita,6
JW1727_A,2818,Conomurex fasciatus,Conomurex,67
JW1727_A,2818,Trochus dentatus,Trochus,2
JW1727_A,2818,Volema paradisiaca nodosa,Volema,3
JW1727_A,2818,Arca species,Arca,28
JW1727_A,2818,Beguina gubernaculum,Beguina,5
JW1727_A,2818,Brachidontes variabilis,Brachidontes,35
JW1727_A,2818,Chama species,Chama,38
JW1727_A,2818,Modiolus auriculatus,Modiolus,18
JW1727_A,2818,Ostrea species,Ostrea,1
JW1727_A,2818,Pinctada species,Pinctada,15.5
JW1727_A,2818,Vulsella species,Vulsella,0.5
JW1727_A,2819,Cyprea turdus,Cyprea,2.5
JW1727_A,2819,Nerita textiles,Nerita,0.5
JW1727_A,2819,Nerita species,Nerita,0.5
JW1727_A,2819,Conomurex fasciatus,Conomurex,33.5
JW1727_A,2819,Volema paradisiaca nodosa,Volema,0.5
JW1727_A,2819,Arca species,Arca,7
JW1727_A,2819,Beguina gubernaculum,Beguina,5.5
JW1727_A,2819,Brachidontes variabilis,Brachidontes,12.5
JW1727_A,2819,Fragum nivale,Fragum,0.5
JW1727_A,2819,Modiolus auriculatus,Modiolus,4
JW1727_A,2819,Ostrea species,Ostrea,2.5
JW1727_A,2819,Pinctada species,Pinctada,3
JW1727_A,2819,Vulsella fornicata,Vulsella,0.5
JW1727_B,2927,Nerita species,Nerita,0.5
JW1727_B,2927,Conomurex fasciatus,Conomurex,589
JW1727_B,2927,Strombus tricornis,Strombus,7.5
JW1727_B,2927,Volema paradisiaca nodosa,Volema,4
JW1727_B,2927,Arca species,Arca,217
JW1727_B,2927,Beguina gubernaculum,Beguina,34
JW1727_B,2927,Chama species,Chama,12
JW1727_B,2927,Modiolus auriculatus,Modiolus,30.05
JW1727_B,2927,Ostrea species,Ostrea,1
JW1727_B,2927,Pinctada species,Pinctada,30
JW1727_B,2927,Septifer forskali,Septifer,1.5
JW1727_B,2928,Chicoreus species,Chicoreus,11.5
JW1727_B,2928,Chama species,Chama,7.5
JW1727_B,2928,Nerita species,Nerita,0.5
JW1727_B,2928,Conomurex fasciatus,Conomurex,202
JW1727_B,2928,Volema paradisiaca nodosa,Volema,10
JW1727_B,2928,Arca species,Arca,354
JW1727_B,2928,Beguina gubernaculum,Beguina,24.5
JW1727_B,2928,Chama species,Chama,6
JW1727_B,2928,Fragum nivale,Fragum,0.5
JW1727_B,2928,Gafrarium pectinatum,Gafrarium,1.5
JW1727_B,2928,Modiolus auriculatus,Modiolus,52.5
JW1727_B,2928,Ostrea species,Ostrea,1.5
JW1727_B,2928,Pinctada species,Pinctada,44
JW1727_B,2928,Plicatula plicata,Plicatula,8
JW1727_B,2929,Chicoreus species,Chicoreus,4
JW1727_B,2929,Conomurex fasciatus,Conomurex,1486.5
JW1727_B,2929,Volema paradisiaca nodosa,Volema,16
JW1727_B,2929,Arca species,Arca,111
JW1727_B,2929,Beguina gubernaculum,Beguina,93.5
JW1727_B,2929,Chama species,Chama,20
JW1727_B,2929,Gafrarium pectinatum,Gafrarium,4
JW1727_B,2929,Modiolus auriculatus,Modiolus,63
JW1727_B,2929,Ostrea species,Ostrea,5
JW1727_B,2929,Pinctada species,Pinctada,22
JW1727_B,2929,Plicatula plicata,Plicatula,19
JW1727_B,2930,Chama species,Chama,4
JW1727_B,2930,Ergalatax species,Ergalatax,2
JW1727_B,2930,Pyrene species,Pyrene,1
JW1727_B,2930,Conomurex fasciatus,Conomurex,99.5
JW1727_B,2930,Strombus tricornis,Strombus,4.5
JW1727_B,2930,Volema paradisiaca nodosa,Volema,7.5
JW1727_B,2930,Arca species,Arca,189.5
JW1727_B,2930,Beguina gubernaculum,Beguina,116
JW1727_B,2930,Chama species,Chama,31
JW1727_B,2930,Irus macrophylla,Irus,0.5
JW1727_B,2930,Isognomon species,Isognomon,5.5
JW1727_B,2930,Modiolus auriculatus,Modiolus,137.5
JW1727_B,2930,Ostrea species,Ostrea,2.5
JW1727_B,2931,Conomurex fasciatus,Conomurex,1090.5
JW1727_B,2931,Volema paradisiaca nodosa,Volema,10.5
JW1727_B,2931,Arca species,Arca,169.5
JW1727_B,2931,Beguina gubernaculum,Beguina,111
JW1727_B,2931,Chama species,Chama,40
JW1727_B,2931,Dendrostrea species,Dendrostrea,2.5
JW1727_B,2931,Isognomon species,Isognomon,0.5
JW1727_B,2931,Modiolus auriculatus,Modiolus,29
JW1727_B,2931,Ostrea species,Ostrea,2.5
JW1727_B,2931,Pinctada species,Pinctada,18
JW1727_B,2931,Plicatula plicata,Plicatula,23.5
JW1727_B,2932,Chicoreus species,Chicoreus,6
JW1727_B,2932,Conomurex fasciatus,Conomurex,1283
JW1727_B,2932,Volema paradisiaca nodosa,Volema,10
JW1727_B,2932,Arca species,Arca,119
JW1727_B,2932,Beguina gubernaculum,Beguina,69.5
JW1727_B,2932,Chama species,Chama,9
JW1727_B,2932,Gafrarium pectinatum,Gafrarium,4
JW1727_B,2932,Isognomon species,Isognomon,1.5
JW1727_B,2932,Modiolus auriculatus,Modiolus,50
JW1727_B,2932,Ostrea species,Ostrea,14
JW1727_B,2932,Pinctada species,Pinctada,24.5
JW1727_B,2933,Chicoreus species,Chicoreus,6
JW1727_B,2933,Chama species,Chama,5
JW1727_B,2933,Conomurex fasciatus,Conomurex,1933
JW1727_B,2933,Volema paradisiaca nodosa,Volema,20.05
JW1727_B,2933,Arca species,Arca,48
JW1727_B,2933,Beguina gubernaculum,Beguina,28
JW1727_B,2933,Chama species,Chama,2.5
JW1727_B,2933,Gafrarium pectinatum,Gafrarium,3
JW1727_B,2933,Modiolus auriculatus,Modiolus,108.5
JW1727_B,2933,Ostrea species,Ostrea,12
JW1727_B,2933,Pinctada species,Pinctada,17
JW1727_B,2934,Nassarius species,Nassarius,1
JW1727_B,2934,Nerita species,Nerita,1.5
JW1727_B,2934,Conomurex fasciatus,Conomurex,114.5
JW1727_B,2934,Strombus tricornis,Strombus,28.5
JW1727_B,2934,Volema paradisiaca nodosa,Volema,12.5
JW1727_B,2934,Arca species,Arca,144.5
JW1727_B,2934,Beguina gubernaculum,Beguina,66
JW1727_B,2934,Chama species,Chama,7.5
JW1727_B,2934,Irus macrophylla,Irus,0.5
JW1727_B,2934,Modiolus auriculatus,Modiolus,116
JW1727_B,2934,Ostrea species,Ostrea,11
JW1727_B,2934,Pinctada species,Pinctada,0.5
JW1727_B,2935,Chama species,Chama,4.5
JW1727_B,2935,Conomurex fasciatus,Conomurex,271.5
JW1727_B,2935,Arca species,Arca,14.5
JW1727_B,2935,Beguina gubernaculum,Beguina,32.5
JW1727_B,2935,Modiolus auriculatus,Modiolus,25
JW1727_B,2935,Ostrea species,Ostrea,0.5
JW1727_B,2935,Pinctada species,Pinctada,4
JW1727_B,2936,Chicoreus species,Chicoreus,7.5
JW1727_B,2936,Chama species,Chama,11
JW1727_B,2936,Ergalatax species,Ergalatax,4
JW1727_B,2936,Conomurex fasciatus,Conomurex,1097.5
JW1727_B,2936,Volema paradisiaca nodosa,Volema,7
JW1727_B,2936,Arca species,Arca,242.5
JW1727_B,2936,Beguina gubernaculum,Beguina,184.5
JW1727_B,2936,Chama species,Chama,51.5
JW1727_B,2936,Isognomon species,Isognomon,6.5
JW1727_B,2936,Modiolus auriculatus,Modiolus,88.5
JW1727_B,2936,Ostrea species,Ostrea,8.5
JW1727_B,2936,Pinctada species,Pinctada,38.5
JW1727_B,2937,Conus arenatus,Conus,10
JW1727_B,2937,Conomurex fasciatus,Conomurex,179
JW1727_B,2937,Strombus tricornis,Strombus,23
JW1727_B,2937,Volema paradisiaca nodosa,Volema,3
JW1727_B,2937,Arca species,Arca,345
JW1727_B,2937,Beguina gubernaculum,Beguina,119
JW1727_B,2937,Chama species,Chama,52.5
JW1727_B,2937,Modiolus auriculatus,Modiolus,18
JW1727_B,2937,Ostrea species,Ostrea,12.5
JW1727_B,2937,Pinctada species,Pinctada,6.5
JW1727_B,2938,Conus arenatus,Conus,1
JW1727_B,2938,Conomurex fasciatus,Conomurex,644.5
JW1727_B,2938,Strombus tricornis,Strombus,14
JW1727_B,2938,Trochus dentatus,Trochus,2
JW1727_B,2938,Volema paradisiaca nodosa,Volema,12
JW1727_B,2938,Arca species,Arca,307
JW1727_B,2938,Beguina gubernaculum,Beguina,83.5
JW1727_B,2938,Chama species,Chama,135.5
JW1727_B,2938,Irus macrophylla,Irus,1
JW1727_B,2938,Modiolus auriculatus,Modiolus,174.5
JW1727_B,2938,Ostrea species,Ostrea,2
JW1727_B,2938,Pinctada species,Pinctada,43
JW1727_B,2938,Plicatula plicata,Plicatula,15
JW1727_B,2939,Conomurex fasciatus,Conomurex,303
JW1727_B,2939,Volema paradisiaca nodosa,Volema,12
JW1727_B,2939,Arca species,Arca,324.5
JW1727_B,2939,Beguina gubernaculum,Beguina,84.5
JW1727_B,2939,Chama species,Chama,37
JW1727_B,2939,Modiolus auriculatus,Modiolus,146
JW1727_B,2939,Ostrea species,Ostrea,7.5
JW1727_B,2939,Pinctada species,Pinctada,37.5
JW1727_B,2939,Plicatula plicata,Plicatula,19
JW1727_B,2940,Chama species,Chama,8
JW1727_B,2940,Conomurex fasciatus,Conomurex,460.5
JW1727_B,2940,Strombus tricornis,Strombus,56
JW1727_B,2940,Volema paradisiaca nodosa,Volema,5.5
JW1727_B,2940,Arca species,Arca,164.5
JW1727_B,2940,Beguina gubernaculum,Beguina,70
JW1727_B,2940,Chama species,Chama,29
JW1727_B,2940,Modiolus auriculatus,Modiolus,236
JW1727_B,2940,Ostrea species,Ostrea,9.5
JW1727_B,2940,Pinctada species,Pinctada,36.5
JW1727_B,2941,Chicoreus species,Chicoreus,8.5
JW1727_B,2941,Chama species,Chama,24
JW1727_B,2941,Conomurex fasciatus,Conomurex,1016.5
JW1727_B,2941,Volema paradisiaca nodosa,Volema,18
JW1727_B,2941,Arca species,Arca,193.5
JW1727_B,2941,Beguina gubernaculum,Beguina,39.5
JW1727_B,2941,Chama species,Chama,8.5
JW1727_B,2941,Modiolus auriculatus,Modiolus,160
JW1727_B,2941,Ostrea species,Ostrea,11.5
JW1727_B,2941,Pinctada species,Pinctada,105.5
JW1727_B,2942,Chama species,Chama,2.5
JW1727_B,2942,Conomurex fasciatus,Conomurex,940
JW1727_B,2942,Strombus tricornis,Strombus,27
JW1727_B,2942,Volema paradisiaca nodosa,Volema,4
JW1727_B,2942,Arca species,Arca,14.5
JW1727_B,2942,Beguina gubernaculum,Beguina,7
JW1727_B,2942,Brachidontes variabilis,Brachidontes,0.5
JW1727_B,2942,Chama species,Chama,53
JW1727_B,2942,Modiolus auriculatus,Modiolus,11
JW1727_B,2942,Ostrea species,Ostrea,10
JW1727_B,2942,Pinctada species,Pinctada,25.5
JW1727_B,2943,Conus species,Conus,12.5
JW1727_B,2943,Chama species,Chama,2
JW1727_B,2943,Conomurex fasciatus,Conomurex,91.5
JW1727_B,2943,Strombus tricornis,Strombus,15.5
JW1727_B,2943,Volema paradisiaca nodosa,Volema,12.5
JW1727_B,2943,Arca species,Arca,4
JW1727_B,2943,Beguina gubernaculum,Beguina,26
JW1727_B,2943,Brachidontes variabilis,Brachidontes,1.5
JW1727_B,2943,Dendrostrea species,Dendrostrea,10.5
JW1727_B,2943,Isognomon species,Isognomon,0.5
JW1727_B,2943,Modiolus auriculatus,Modiolus,14.5
JW1727_B,2943,Ostrea species,Ostrea,0.5
JW1727_B,2943,Pinctada species,Pinctada,7.5
JW1727_B,2944,Chicoreus species,Chicoreus,125
JW1727_B,2944,Conomurex fasciatus,Conomurex,1463.5
JW1727_B,2944,Volema paradisiaca nodosa,Volema,14.5
JW1727_B,2944,Arca species,Arca,14.5
JW1727_B,2944,Brachidontes variabilis,Brachidontes,3
JW1727_B,2944,Chama species,Chama,4.5
JW1727_B,2944,Modiolus auriculatus,Modiolus,5
JW1727_B,2944,Ostrea species,Ostrea,14
JW1727_B,2944,Pinctada species,Pinctada,35
JW1727_B,2945,Chama species,Chama,9.5
JW1727_B,2945,Nerita species,Nerita,2
JW1727_B,2945,Conomurex fasciatus,Conomurex,156
JW1727_B,2945,Volema paradisiaca nodosa,Volema,2.5
JW1727_B,2945,Arca species,Arca,265.5
JW1727_B,2945,Beguina gubernaculum,Beguina,39
JW1727_B,2945,Brachidontes variabilis,Brachidontes,18.5
JW1727_B,2945,Chama species,Chama,14.5
JW1727_B,2945,Isognomon species,Isognomon,3.5
JW1727_B,2945,Modiolus auriculatus,Modiolus,20
JW1727_B,2945,Ostrea species,Ostrea,1.5
JW1727_B,2945,Pinctada species,Pinctada,15.5
JW1727_B,2945,Plicatula plicata,Plicatula,10.5
JW1807,2789,Chicoreus species,Chicoreus,6
JW1807,2789,Conus arenatus,Conus,3
JW1807,2789,Nerita species,Nerita,1.5
JW1807,2789,Conomurex fasciatus,Conomurex,2079
JW1807,2789,Volema paradisiaca nodosa,Volema,38.5
JW1807,2789,Arca species,Arca,7
JW1807,2789,Brachidontes variabilis,Brachidontes,0.5
JW1807,2789,Chama species,Chama,28
JW1807,2789,Ostrea species,Ostrea,3
JW1807,2791,Chicoreus species,Chicoreus,1
JW1807,2791,Conus arenatus,Conus,17
JW1807,2791,Nerita species,Nerita,1.5
JW1807,2791,Conomurex fasciatus,Conomurex,1075
JW1807,2791,Strombus tricornis,Strombus,25.5
JW1807,2791,Volema paradisiaca nodosa,Volema,69.5
JW1807,2791,Modiolus auriculatus,Modiolus,2
JW1807,2791,Ostrea species,Ostrea,3
JW1807,2791,Pinctada species,Pinctada,0.5
JW1807,2791,Spondylus species,Spondylus,13.5
JW1807,2793,Chicoreus species,Chicoreus,1.5
JW1807,2793,Conomurex fasciatus,Conomurex,277
JW1807,2793,Volema paradisiaca nodosa,Volema,20
JW1807,2793,Chama species,Chama,49
JW1807,2793,Ostrea species,Ostrea,0.5
JW1807,2793,Pinctada species,Pinctada,0.5
JW1807,2794,Conomurex fasciatus,Conomurex,1072.5
JW1807,2794,Strombus species,Strombus,3
JW1807,2794,Volema paradisiaca nodosa,Volema,10
JW1807,2794,Beguina gubernaculum,Beguina,13.5
JW1807,2795,Chama species,Chama,0.5
JW1807,2795,Conomurex fasciatus,Conomurex,332.5
JW1807,2795,Volema paradisiaca nodosa,Volema,3
JW1807,2795,Modiolus auriculatus,Modiolus,5
JW1807,2795,Pinctada species,Pinctada,3.5
JW1807,2798,Conomurex fasciatus,Conomurex,1870
JW1807,2798,Strombus species,Strombus,6.5
JW1807,2798,Volema paradisiaca nodosa,Volema,7.5
JW1807,2798,Arca species,Arca,7.5
JW1807,2798,Ostrea species,Ostrea,2
JW1807,2801,Chicoreus species,Chicoreus,0.5
JW1807,2801,Diodora species,Diodora,0.5
JW1807,2801,Nerita textiles,Nerita,0.5
JW1807,2801,Conomurex fasciatus,Conomurex,1160.5
JW1807,2801,Strombus species,Strombus,4.5
JW1807,2801,Volema paradisiaca nodosa,Volema,11.5
JW1807,2801,Arca species,Arca,3
JW1807,2801,Beguina gubernaculum,Beguina,15.5
JW1807,2801,Chama species,Chama,18
JW1807,2801,Gafrarium pectinatum,Gafrarium,0.5
JW1807,2801,Modiolus auriculatus,Modiolus,47.5
JW1807,2801,Pinctada species,Pinctada,18
JW1807,2801,Plicatula plicata,Plicatula,29
JW1807,2801,Septifer forskali,Septifer,0.5
JW1807,2802,Chicoreus species,Chicoreus,2
JW1807,2802,Conus arenatus,Conus,5.5
JW1807,2802,Nerita species,Nerita,1
JW1807,2802,Conomurex fasciatus,Conomurex,995
JW1807,2802,Volema paradisiaca nodosa,Volema,6.5
JW1807,2802,Brachidontes variabilis,Brachidontes,1
JW1807,2802,Gafrarium pectinatum,Gafrarium,0.5
JW1807,2802,Ostrea species,Ostrea,6
JW1807,2802,Spondylus species,Spondylus,0.5
JW1807,2803,Chicoreus species,Chicoreus,9.5
JW1807,2803,Conus arenatus,Conus,18
JW1807,2803,Nerita textiles,Nerita,2.5
JW1807,2803,Conomurex fasciatus,Conomurex,1151
JW1807,2803,Volema paradisiaca nodosa,Volema,79
JW1807,2803,Arca species,Arca,17
JW1807,2803,Beguina gubernaculum,Beguina,0.5
JW1807,2803,Chama species,Chama,57.5
JW1807,2803,Ostrea species,Ostrea,1.5
JW1807,2803,Pinctada species,Pinctada,21.5
JW1807,2803,Plicatula plicata,Plicatula,17
JW1807,2806,Chicoreus species,Chicoreus,3.5
JW1807,2806,Conus arenatus,Conus,0.5
JW1807,2806,Conomurex fasciatus,Conomurex,731
JW1807,2806,Volema paradisiaca nodosa,Volema,9.5
JW1807,2806,Arca species,Arca,67
JW1807,2806,Asaphis violascens,Asaphis,0.5
JW1807,2806,Brachidontes variabilis,Brachidontes,1
JW1807,2806,Chama species,Chama,32.5
JW1807,2806,Modiolus auriculatus,Modiolus,19
JW1807,2806,Ostrea species,Ostrea,3.5
JW1807,2806,Pinctada species,Pinctada,112
JW1807,2806,Plicatula plicata,Plicatula,10
JW1807,2806,Spondylus species,Spondylus,2
JW1807,2898,Cerithium caeruleum,Cerithium,0.5
JW1807,2898,Chicoreus species,Chicoreus,2.5
JW1807,2898,Conus arenatus,Conus,1.5
JW1807,2898,Conomurex fasciatus,Conomurex,1601
JW1807,2898,Strombus tricornis,Strombus,102
JW1807,2898,Volema paradisiaca nodosa,Volema,11.5
JW1807,2898,Chama species,Chama,12
JW1807,2898,Ostrea species,Ostrea,1
JW1807,2907,Chicoreus species,Chicoreus,5.5
JW1807,2907,Conus arenatus,Conus,2.5
JW1807,2907,Nerita species,Nerita,4.5
JW1807,2907,Conomurex fasciatus,Conomurex,1219
JW1807,2907,Strombus tricornis,Strombus,7
JW1807,2907,Volema paradisiaca nodosa,Volema,7.5
JW1807,2907,Arca species,Arca,15
JW1807,2907,Ostrea species,Ostrea,0.5
JW1807,2907,Pinctada species,Pinctada,0.5
JW1807,2907,Spondylus species,Spondylus,0.5
JW1807,2909,Chicoreus species,Chicoreus,56.5
JW1807,2909,Conus arenatus,Conus,6
JW1807,2909,Nerita species,Nerita,1.5
JW1807,2909,Conomurex fasciatus,Conomurex,1067.5
JW1807,2909,Volema paradisiaca nodosa,Volema,4.5
JW1807,2909,Arca species,Arca,17.5
JW1807,2909,Ostrea species,Ostrea,0.5
JW1807,2909,Spondylus species,Spondylus,0.5
JW1807,2910,Diacavolinia flexipes,Diacavolinia,0.5
JW1807,2910,Nerita species,Nerita,5.5
JW1807,2910,Conomurex fasciatus,Conomurex,188.5
JW1807,2910,Volema paradisiaca nodosa,Volema,11
JW1807,2910,Beguina gubernaculum,Beguina,1
JW1807,2910,Ostrea species,Ostrea,1
JW1807,2910,Septifer forskali,Septifer,0.5
JW1864,2956,Ergalatax species,Ergalatax,0.5
JW1864,2956,Nerita species,Nerita,3
JW1864,2956,Conomurex fasciatus,Conomurex,2151.5
JW1864,2956,Strombus tricornis,Strombus,63.5
JW1864,2957,Conomurex fasciatus,Conomurex,2012.5
JW1864,2957,Arca species,Arca,6
JW1864,2958,Ergalatax species,Ergalatax,2.5
JW1864,2958,Nerita species,Nerita,2
JW1864,2958,Conomurex fasciatus,Conomurex,2301.5
JW1864,2959,Conomurex fasciatus,Conomurex,1594.5
JW1864,2959,Ostrea species,Ostrea,0.5
JW1864,2960,Conomurex fasciatus,Conomurex,2084.5
JW1864,2960,Ostrea species,Ostrea,1.5
JW1864,2961,Cerithium caeruleum,Cerithium,0.5
JW1864,2961,Conomurex fasciatus,Conomurex,2581
JW1864,2962,Cerithium caeruleum,Cerithium,4.5
JW1864,2962,Conomurex fasciatus,Conomurex,1873
JW1864,2962,Strombus tricornis,Strombus,36.5
JW1864,2962,Ostrea species,Ostrea,3.5
JW1864,2963,Conomurex fasciatus,Conomurex,1959
JW1864,2963,Strombus tricornis,Strombus,3.5
JW1864,2963,Ostrea species,Ostrea,2
JW1864,2964,Ergalatax species,Ergalatax,0.5
JW1864,2964,Conomurex fasciatus,Conomurex,2103.5
JW1864,2964,Ostrea species,Ostrea,1.5
JW1864,2965,Cerithium caeruleum,Cerithium,2.5
JW1864,2965,Conus arenatus,Conus,8
JW1864,2965,Ergalatax species,Ergalatax,1
JW1864,2965,Conomurex fasciatus,Conomurex,2140
JW1864,2965,Arca species,Arca,7
JW1864,2965,Beguina gubernaculum,Beguina,5
JW1864,2965,Ostrea species,Ostrea,0.5
JW1864,2966,Chicoreus species,Chicoreus,13.5
JW1864,2966,Chama species,Chama,5
JW1864,2966,Conomurex fasciatus,Conomurex,1724
JW1864,2966,Arca species,Arca,13.5
JW1864,2966,Gafrarium pectinatum,Gafrarium,1.5
JW1864,2966,Ostrea species,Ostrea,0.5
JW1864,2966,Pinctada species,Pinctada,19
JW1864,2967,Chicoreus species,Chicoreus,90
JW1864,2967,Conus arenatus,Conus,3
JW1864,2967,Conomurex fasciatus,Conomurex,1899
JW1864,2967,Strombus tricornis,Strombus,35.5
JW1864,2967,Trochus dentatus,Trochus,7
JW1864,2967,Ostrea species,Ostrea,2
JW1864,2968,Chicoreus species,Chicoreus,3.5
JW1864,2968,Conus arenatus,Conus,8
JW1864,2968,Conomurex fasciatus,Conomurex,1570
JW1864,2968,Arca species,Arca,3.5
JW1864,2968,Gafrarium pectinatum,Gafrarium,2
JW1864,2968,Ostrea species,Ostrea,0.5
JW1864,2969,Nerita species,Nerita,0.5
JW1864,2969,Conomurex fasciatus,Conomurex,2729
JW1864,2969,Arca species,Arca,3.5
JW1864,2969,Ostrea species,Ostrea,1
JW1864,2970,Conus arenatus,Conus,3.5
JW1864,2970,Ergalatax species,Ergalatax,3
JW1864,2970,Conomurex fasciatus,Conomurex,1894.5
JW1864,2970,Ostrea species,Ostrea,5.5
JW1864,2971,Chicoreus species,Chicoreus,4
JW1864,2971,Conus arenatus,Conus,11
JW1864,2971,Conomurex fasciatus,Conomurex,2148
JW1864,2971,Arca species,Arca,3.5
JW1864,2971,Gafrarium pectinatum,Gafrarium,1.5
JW1864,2971,Ostrea species,Ostrea,2
JW1864,2972,Cerithium caeruleum,Cerithium,3
JW1864,2972,Conus arenatus,Conus,12.5
JW1864,2972,Nerita species,Nerita,1
JW1864,2972,Conomurex fasciatus,Conomurex,2695.5
JW1864,2972,Gafrarium pectinatum,Gafrarium,3
JW1864,2972,Ostrea species,Ostrea,2.5
JW1864,2973,Conus arenatus,Conus,8.5
JW1864,2973,Ergalatax species,Ergalatax,5.5
JW1864,2973,Nerita species,Nerita,0.5
JW1864,2973,Conomurex fasciatus,Conomurex,2612.5
JW1864,2973,Trochus dentatus,Trochus,4
JW1864,2973,Gafrarium pectinatum,Gafrarium,5
JW1864,2973,Ostrea species,Ostrea,2.5
JW1864,2974,Conus arenatus,Conus,2
JW1864,2974,Chama species,Chama,12
JW1864,2974,Conomurex fasciatus,Conomurex,2244.5
JW1864,2974,Volema paradisiaca nodosa,Volema,2
JW1864,2974,Gafrarium pectinatum,Gafrarium,9.5
JW1864,2974,Ostrea species,Ostrea,5.5
JW1864,2975,Cerithium caeruleum,Cerithium,3
JW1864,2975,Conus arenatus,Conus,6
JW1864,2975,Ergalatax species,Ergalatax,4.5
JW1864,2975,Nerita species,Nerita,3
JW1864,2975,Conomurex fasciatus,Conomurex,2719.5
JW1864,2975,Arca species,Arca,2.5
JW1864,2975,Gafrarium pectinatum,Gafrarium,12
JW1864,2975,Ostrea species,Ostrea,1.5
JW1864,2976,Conomurex fasciatus,Conomurex,1850
JW1864,2977,Ergalatax species,Ergalatax,1.5
JW1864,2977,Conomurex fasciatus,Conomurex,1511
JW1864,2977,Volema paradisiaca nodosa,Volema,5
JW1864,2977,Gafrarium pectinatum,Gafrarium,3.5
JW1864,2977,Ostrea species,Ostrea,2
JW1864,2978,Cerithium caeruleum,Cerithium,3
JW1864,2978,Chicoreus species,Chicoreus,4
JW1864,2978,Conomurex fasciatus,Conomurex,519.5
JW1864,2978,Gafrarium pectinatum,Gafrarium,2
JW2298,2979,Chicoreus species,Chicoreus,19
JW2298,2979,Diodora species,Diodora,1
JW2298,2979,Pleuroploca trapezium,Pleuroploca,200.5
JW2298,2979,Conomurex fasciatus,Conomurex,378.5
JW2298,2979,Arca species,Arca,10.5
JW2298,2979,Beguina gubernaculum,Beguina,14
JW2298,2979,Chama species,Chama,17.5
JW2298,2979,Gafrarium pectinatum,Gafrarium,3
JW2298,2979,Ostrea species,Ostrea,2
JW2298,2979,Pinctada species,Pinctada,274
JW2298,2979,Plicatula plicata,Plicatula,134.5
JW2298,2980,Chicoreus species,Chicoreus,14.5
JW2298,2980,Diodora species,Diodora,0.5
JW2298,2980,Conomurex fasciatus,Conomurex,123.5
JW2298,2980,Arca species,Arca,2
JW2298,2980,Chama species,Chama,2.5
JW2298,2980,Ostrea species,Ostrea,1
JW2298,2980,Pinctada species,Pinctada,220
JW2298,2980,Plicatula plicata,Plicatula,35
JW2298,2982,Chicoreus species,Chicoreus,145.5
JW2298,2982,Diodora species,Diodora,0.5
JW2298,2982,Nerita species,Nerita,1
JW2298,2982,Conomurex fasciatus,Conomurex,397.5
JW2298,2982,Arca species,Arca,4.5
JW2298,2982,Beguina gubernaculum,Beguina,8
JW2298,2982,Chama species,Chama,21
JW2298,2982,Ostrea species,Ostrea,5.5
JW2298,2982,Pinctada species,Pinctada,430
JW2298,2983,Cerithium caeruleum,Cerithium,5
JW2298,2983,Chicoreus species,Chicoreus,61
JW2298,2983,Conomurex fasciatus,Conomurex,888
JW2298,2983,Arca species,Arca,32.5
JW2298,2983,Beguina gubernaculum,Beguina,7
JW2298,2983,Chama species,Chama,9.5
JW2298,2983,Gafrarium pectinatum,Gafrarium,3
JW2298,2983,Ostrea species,Ostrea,35.5
JW2298,2983,Pinctada species,Pinctada,165
JW2298,2984,Chicoreus species,Chicoreus,876.5
JW2298,2984,Chama species,Chama,6
JW2298,2984,Diodora species,Diodora,0.5
JW2298,2984,Pleuroploca trapezium,Pleuroploca,200.5
JW2298,2984,Conomurex fasciatus,Conomurex,793.5
JW2298,2984,Strombus tricornis,Strombus,39.5
JW2298,2984,Chama species,Chama,55
JW2298,2984,Ostrea species,Ostrea,23.5
JW2298,2984,Pinctada species,Pinctada,79.5
JW2298,2984,Plicatula plicata,Plicatula,20.5
JW2298,2985,Nerita species,Nerita,1.5
JW2298,2985,Pleuroploca trapezium,Pleuroploca,107.5
JW2298,2985,Conomurex fasciatus,Conomurex,866
JW2298,2985,Arca species,Arca,9
JW2298,2985,Chama species,Chama,20
JW2298,2985,Gafrarium pectinatum,Gafrarium,0.5
JW2298,2985,Modiolus auriculatus,Modiolus,1
JW2298,2985,Ostrea species,Ostrea,9.5
JW2298,2985,Pinctada species,Pinctada,70
JW2298,2985,Plicatula plicata,Plicatula,5.5
JW2298,2986,Chicoreus species,Chicoreus,299.5
JW2298,2986,Conomurex fasciatus,Conomurex,985
JW2298,2986,Trochus dentatus,Trochus,1
JW2298,2986,Arca species,Arca,4.5
JW2298,2986,Beguina gubernaculum,Beguina,7.5
JW2298,2986,Ostrea species,Ostrea,5
JW2298,2986,Pinctada species,Pinctada,62.5
JW2298,2986,Plicatula plicata,Plicatula,9.5
JW2298,2987,Chama species,Chama,2
JW2298,2987,Pleuroploca trapezium,Pleuroploca,374.5
JW2298,2987,Conomurex fasciatus,Conomurex,2123.5
JW2298,2987,Arca species,Arca,21.5
JW2298,2987,Chama species,Chama,20
JW2298,2987,Ostrea species,Ostrea,13
JW2298,2987,Pinctada species,Pinctada,73.5
JW2298,2987,Plicatula plicata,Plicatula,6.5
JW2298,2988,Chicoreus species,Chicoreus,69
JW2298,2988,Chama species,Chama,8.5
JW2298,2988,Nerita species,Nerita,2
JW2298,2988,Conomurex fasciatus,Conomurex,1764.5
JW2298,2988,Arca species,Arca,4
JW2298,2988,Beguina gubernaculum,Beguina,28.5
JW2298,2988,Chama species,Chama,7.5
JW2298,2988,Modiolus auriculatus,Modiolus,7
JW2298,2988,Ostrea species,Ostrea,7.5
JW2298,2988,Pinctada species,Pinctada,93
JW2298,2988,Plicatula plicata,Plicatula,5.5
JW2298,2989,Ergalatax species,Ergalatax,1.5
JW2298,2989,Conomurex fasciatus,Conomurex,1993
JW2298,2989,Arca species,Arca,5
JW2298,2989,Chama species,Chama,0.5
JW2298,2989,Modiolus auriculatus,Modiolus,0.5
JW2298,2989,Ostrea species,Ostrea,2
JW2298,2989,Pinctada species,Pinctada,42.5
JW2298,2990,Ergalatax species,Ergalatax,1.5
JW2298,2990,Pleuroploca trapezium,Pleuroploca,3
JW2298,2990,Conomurex fasciatus,Conomurex,2180.5
JW2298,2990,Arca species,Arca,7
JW2298,2990,Modiolus auriculatus,Modiolus,0.5
JW2298,2990,Ostrea species,Ostrea,10
JW2298,2990,Pinctada species,Pinctada,29
JW3120,2912,Chicoreus species,Chicoreus,9
JW3120,2912,Conomurex fasciatus,Conomurex,859.5
JW3120,2912,Ostrea species,Ostrea,3
JW3120,2913,Conomurex fasciatus,Conomurex,710
JW3120,2913,Ostrea species,Ostrea,0.5
JW3120,2914,Chicoreus species,Chicoreus,0.5
JW3120,2914,Conomurex fasciatus,Conomurex,1449
JW3120,2914,Strombus tricornis,Strombus,8
JW3120,2915,Ergalatax species,Ergalatax,1
JW3120,2915,Conomurex fasciatus,Conomurex,1968
JW3120,2915,Strombus tricornis,Strombus,33
JW3120,2915,Volema paradisiaca nodosa,Volema,1
JW3120,2915,Ostrea species,Ostrea,1
JW3120,2916,Chicoreus species,Chicoreus,4
JW3120,2916,Conomurex fasciatus,Conomurex,1895.5
JW3120,2916,Strombus tricornis,Strombus,49
JW3120,2916,Volema paradisiaca nodosa,Volema,1
JW3120,2916,Gafrarium pectinatum,Gafrarium,0.5
JW3120,2916,Ostrea species,Ostrea,4
JW3120,2917,Chicoreus species,Chicoreus,20.5
JW3120,2917,Conus arenatus,Conus,9.5
JW3120,2917,Nerita species,Nerita,2
JW3120,2917,Conomurex fasciatus,Conomurex,2678
JW3120,2917,Strombus tricornis,Strombus,19
JW3120,2917,Volema paradisiaca nodosa,Volema,1
JW3120,2917,Ostrea species,Ostrea,2
JW3120,2918,Conomurex fasciatus,Conomurex,1681
JW3120,2918,Strombus tricornis,Strombus,8.5
JW3120,2918,Volema paradisiaca nodosa,Volema,1.5
JW3120,2918,Ostrea species,Ostrea,1.5
JW3120,2919,Chicoreus species,Chicoreus,13
JW3120,2919,Ergalatax species,Ergalatax,0.5
JW3120,2919,Conomurex fasciatus,Conomurex,1977
JW3120,2919,Volema paradisiaca nodosa,Volema,1
JW3120,2919,Ostrea species,Ostrea,1.5
JW3120,2920,Conomurex fasciatus,Conomurex,2021
JW3120,2920,Strombus tricornis,Strombus,22.5
JW3120,2920,Ostrea species,Ostrea,4
JW3120,2921,Conomurex fasciatus,Conomurex,1268
JW3120,2921,Strombus tricornis,Strombus,26.5
JW3120,2921,Ostrea species,Ostrea,4.5
JW3120,2922,Chicoreus species,Chicoreus,54.5
JW3120,2922,Conomurex fasciatus,Conomurex,1975.5
JW3120,2922,Strombus tricornis,Strombus,347
JW3120,2922,Ostrea species,Ostrea,2.5
JW3120,2923,Chicoreus species,Chicoreus,90
JW3120,2923,Conomurex fasciatus,Conomurex,1524
JW3120,2923,Strombus tricornis,Strombus,257.5
JW3120,2923,Volema paradisiaca nodosa,Volema,31
JW3120,2923,Ostrea species,Ostrea,3.5
JW5697,2736,Ergalatax species,Ergalatax,0.5
JW5697,2736,Haminoea species,Haminoea,0.5
JW5697,2736,Pleuroploca trapezium,Pleuroploca,323.5
JW5697,2736,Volema paradisiaca nodosa,Volema,0.5
JW5697,2736,Alectryonella crenulifera,Alectryonella,0.5
JW5697,2736,Brachidontes variabilis,Brachidontes,0.5
JW5697,2736,Ostrea species,Ostrea,10.5
JW5697,2741,Atys species,Atys,0.5
JW5697,2741,Nerita textiles,Nerita,2.5
JW5697,2741,Nerita species,Nerita,1.5
JW5697,2741,Prunum terverianum,Prunum,0.5
JW5697,2741,Conomurex fasciatus,Conomurex,1.5
JW5697,2741,Volema paradisiaca nodosa,Volema,1.5
JW5697,2741,Brachidontes variabilis,Brachidontes,4.5
JW5697,2741,Chama species,Chama,2.5
JW5697,2741,Ostrea species,Ostrea,164
JW5697,2741,Pinctada species,Pinctada,780
JW5697,2741,Vulsella species,Vulsella,0.5
JE0003,527,Chicoreus species,Chicoreus,558.5
JE0003,527,Pleuroploca trapezium,Pleuroploca,282
JE0003,527,Conomurex fasciatus,Conomurex,220
JE0003,527,Trochus dentatus,Trochus,2
JE0003,527,Anadara antiquata,Anadara,16
JE0003,527,Chama species,Chama,8
JE0003,527,Pinctada species,Pinctada,107
JE0003,527,Plicatula plicata,Plicatula,6.5
JE0003,527,Spondylus species,Spondylus,10
JE0004,676,Chicoreus species,Chicoreus,12.5
JE0004,676,Cypraea species,Cypraea,0.5
JE0004,676,Ocinebrina species,Ocinebrina,2
JE0004,676,Conomurex fasciatus,Conomurex,169
JE0004,676,Chama species,Chama,27
JE0004,676,Pinctada species,Pinctada,3.5
JE0004,676,Spondylus species,Spondylus,1
JE0004,678,Chicoreus species,Chicoreus,239.5
JE0004,678,Diodora species,Diodora,0.5
JE0004,678,Conomurex fasciatus,Conomurex,214.5
JE0004,678,Arca species,Arca,1
JE0004,678,Brachidontes variabilis,Brachidontes,0.5
JE0004,678,Chama species,Chama,291
JE0004,678,Ostrea species,Ostrea,4.5
JE0004,678,Pinctada species,Pinctada,6
JE0004,678,Plicatula plicata,Plicatula,57.5
JE0004,678,Spondylus species,Spondylus,3
JE0004,768,Chicoreus species,Chicoreus,119
JE0004,768,Conus textile,Conus,9
JE0004,768,Chama species,Chama,15
JE0004,768,Cypraea species,Cypraea,1
JE0004,768,Diodora species,Diodora,0.5
JE0004,768,Euplica varians,Euplica,4
JE0004,768,Nerita species,Nerita,0.5
JE0004,768,Nerita textiles,Nerita,2.5
JE0004,768,Nerita species,Nerita,5
JE0004,768,Conomurex fasciatus,Conomurex,2300
JE0004,768,Arca species,Arca,7
JE0004,768,Barbatia setigera,Barbatia,4
JE0004,768,Beguina gubernaculum,Beguina,2.5
JE0004,768,Brachidontes variabilis,Brachidontes,1
JE0004,768,Chama species,Chama,102.5
JE0004,768,Ostrea species,Ostrea,16.5
JE0004,768,Pinctada species,Pinctada,171
JE0004,768,Plicatula plicata,Plicatula,130
JE0004,768,Spondylus species,Spondylus,7
JE0004,684,Chicoreus species,Chicoreus,70.5
JE0004,684,Conus species,Conus,2
JE0004,684,Chama species,Chama,0.5
JE0004,684,Ergalatax species,Ergalatax,3.5
JE0004,684,Limpet species,Limpet,1
JE0004,684,Nerita species,Nerita,3
JE0004,684,Conomurex fasciatus,Conomurex,840
JE0004,684,Viriola corrugata,Viriola,0.5
JE0004,684,Arca species,Arca,0.5
JE0004,684,Brachidontes variabilis,Brachidontes,1.5
JE0004,684,Chama species,Chama,45.5
JE0004,684,Ostrea species,Ostrea,7.5
JE0004,684,Pinctada species,Pinctada,47
JE0004,684,Plicatula plicata,Plicatula,10
JE0004,684,Spondylus species,Spondylus,70.5
JE0004,725,Chicoreus species,Chicoreus,2275.5
JE0004,725,Chama species,Chama,6
JE0004,725,Cypraea species,Cypraea,4
JE0004,725,Ergalatax species,Ergalatax,1.5
JE0004,725,Mitra rueppellii,Mitra,0.5
JE0004,725,Rapana rapiformis,Rapana,32
JE0004,725,Conomurex fasciatus,Conomurex,2062.5
JE0004,725,Strombus species,Strombus,32.5
JE0004,725,Trochus dentatus,Trochus,10
JE0004,725,Trochus erithreus,Trochus,1.5
JE0004,725,Volema paradisiaca nodosa,Volema,13.5
JE0004,725,Arca species,Arca,8
JE0004,725,Beguina gubernaculum,Beguina,19
JE0004,725,Brachidontes variabilis,Brachidontes,3.5
JE0004,725,Chama species,Chama,291.5
JE0004,725,Ostrea species,Ostrea,55.5
JE0004,725,Pinctada species,Pinctada,593
JE0004,725,Plicatula plicata,Plicatula,131.5
JE0004,725,Spondylus species,Spondylus,648
JE0004,693,Chicoreus species,Chicoreus,120.5
JE0004,693,Chama species,Chama,1.5
JE0004,693,Limpet species,Limpet,0.5
JE0004,693,Nerita textiles,Nerita,0.5
JE0004,693,Nerita species,Nerita,0.5
JE0004,693,Conomurex fasciatus,Conomurex,995
JE0004,693,Brachidontes variabilis,Brachidontes,1.5
JE0004,693,Chama species,Chama,265.5
JE0004,693,Mytilus species,Mytilus,0.5
JE0004,693,Ostrea species,Ostrea,1
JE0004,693,Pinctada species,Pinctada,59.5
JE0004,693,Plicatula plicata,Plicatula,30.5
JE0004,693,Spondylus species,Spondylus,8
JE0004,691,Chicoreus species,Chicoreus,217.5
JE0004,691,Conus ardisiaceus,Conus,1.5
JE0004,691,Cronia species,Cronia,4
JE0004,691,Diodora species,Diodora,0.5
JE0004,691,Conomurex fasciatus,Conomurex,817
JE0004,691,Arca species,Arca,0.5
JE0004,691,Brachidontes variabilis,Brachidontes,3.5
JE0004,691,Chama species,Chama,260.5
JE0004,691,Ostrea species,Ostrea,7
JE0004,691,Pinctada species,Pinctada,11.5
JE0004,691,Plicatula plicata,Plicatula,21.5
JE0004,691,Spondylus species,Spondylus,99.5
JE0004,686,Chicoreus species,Chicoreus,135
JE0004,686,Limpet species,Limpet,0.5
JE0004,686,Nerita species,Nerita,1.5
JE0004,686,Nerita textiles,Nerita,0.5
JE0004,686,Conomurex fasciatus,Conomurex,708.5
JE0004,686,Anadara antiquata,Anadara,10
JE0004,686,Arca species,Arca,0.5
JE0004,686,Brachidontes variabilis,Brachidontes,1.5
JE0004,686,Ostrea species,Ostrea,12
JE0004,686,Pinctada species,Pinctada,63.5
JE0004,686,Plicatula plicata,Plicatula,42
JE0004,686,Spondylus species,Spondylus,132.5
JE0004,529,Chicoreus species,Chicoreus,86.5
JE0004,529,Nerita species,Nerita,0.5
JE0004,529,Conomurex fasciatus,Conomurex,1284
JE0004,529,Trochus dentatus,Trochus,1
JE0004,529,Arca species,Arca,4.5
JE0004,529,Beguina gubernaculum,Beguina,16
JE0004,529,Brachidontes variabilis,Brachidontes,0.5
JE0004,529,Chama species,Chama,13.5
JE0004,529,Pinctada species,Pinctada,36.5
JE0004,529,Plicatula plicata,Plicatula,8
JE0004,529,Spondylus species,Spondylus,1
JE0004,690,Chicoreus species,Chicoreus,18
JE0004,690,Conus ardisiaceus,Conus,1
JE0004,690,Conomurex fasciatus,Conomurex,441.5
JE0004,690,Strombus species,Strombus,6
JE0004,690,Beguina gubernaculum,Beguina,17.5
JE0004,690,Brachidontes variabilis,Brachidontes,0.5
JE0004,690,Chama species,Chama,2
JE0004,690,Pinctada species,Pinctada,150
JE0004,690,Plicatula plicata,Plicatula,15
JE0004,690,Spondylus species,Spondylus,2
JE0004,766,Chicoreus species,Chicoreus,69.5
JE0004,766,Conus ardisiaceus,Conus,13
JE0004,766,Cypraea species,Cypraea,1
JE0004,766,Diodora species,Diodora,0.5
JE0004,766,Conomurex fasciatus,Conomurex,2293.5
JE0004,766,Trochus dentatus,Trochus,4
JE0004,766,Arca species,Arca,4.5
JE0004,766,Beguina gubernaculum,Beguina,0.5
JE0004,766,Brachidontes variabilis,Brachidontes,1
JE0004,766,Chama species,Chama,9
JE0004,766,Ostrea species,Ostrea,3.5
JE0004,766,Pinctada species,Pinctada,410
JE0004,766,Plicatula plicata,Plicatula,10.5
JE0004,766,Spondylus species,Spondylus,6.5
JE0004,706,Chicoreus species,Chicoreus,28.5
JE0004,706,Conus ardisiaceus,Conus,5.5
JE0004,706,Diodora species,Diodora,0.5
JE0004,706,Conomurex fasciatus,Conomurex,365
JE0004,706,Beguina gubernaculum,Beguina,7.5
JE0004,706,Brachidontes variabilis,Brachidontes,0.5
JE0004,706,Chama species,Chama,39
JE0004,706,Ostrea species,Ostrea,1.5
JE0004,706,Pinctada species,Pinctada,87
JE0004,706,Plicatula plicata,Plicatula,44.5
JE0004,706,Spondylus species,Spondylus,6
JE0004,1388,Chicoreus species,Chicoreus,265
JE0004,1388,Conus textile,Conus,5.5
JE0004,1388,Chama species,Chama,2
JE0004,1388,Pleuroploca trapezium,Pleuroploca,8.5
JE0004,1388,Conomurex fasciatus,Conomurex,1270.5
JE0004,1388,Trochus dentatus,Trochus,0.5
JE0004,1388,Trochus species,Trochus,0.5
JE0004,1388,Anadara antiquata,Anadara,12.5
JE0004,1388,Beguina gubernaculum,Beguina,7.5
JE0004,1388,Brachidontes variabilis,Brachidontes,1
JE0004,1388,Chama species,Chama,3
JE0004,1388,Ostrea species,Ostrea,7
JE0004,1388,Pinctada species,Pinctada,183
JE0004,1388,Plicatula plicata,Plicatula,10.5
JE0004,1388,Spondylus species,Spondylus,4
JE0004,728,Chicoreus species,Chicoreus,471.5
JE0004,728,Diodora species,Diodora,0.5
JE0004,728,Ergalatax species,Ergalatax,2.5
JE0004,728,Nerita species,Nerita,1.5
JE0004,728,Nerita longii,Nerita,0.5
JE0004,728,Conomurex fasciatus,Conomurex,849
JE0004,728,Trochus kochi,Trochus,2.5
JE0004,728,Arca species,Arca,2
JE0004,728,Brachidontes variabilis,Brachidontes,1
JE0004,728,Chama species,Chama,4.5
JE0004,728,Ostrea species,Ostrea,6.5
JE0004,728,Pinctada species,Pinctada,74
JE0004,728,Plicatula plicata,Plicatula,7.5
JE0004,728,Spondylus species,Spondylus,3.5
JE0004,722,Chicoreus species,Chicoreus,8
JE0004,722,Chama species,Chama,4
JE0004,722,Diodora species,Diodora,0.5
JE0004,722,Nerita textiles,Nerita,0.5
JE0004,722,Conomurex fasciatus,Conomurex,1179.5
JE0004,722,Trochus species,Trochus,0.5
JE0004,722,Brachidontes variabilis,Brachidontes,0.5
JE0004,722,Chama species,Chama,1.5
JE0004,722,Ostrea species,Ostrea,4.5
JE0004,722,Pinctada species,Pinctada,65.5
JE0004,722,Plicatula plicata,Plicatula,3.5
JE0004,722,Spondylus species,Spondylus,5
JE0004,717,Chicoreus species,Chicoreus,6
JE0004,717,Chama species,Chama,1
JE0004,717,Conomurex fasciatus,Conomurex,1270.5
JE0004,717,Beguina gubernaculum,Beguina,1.5
JE0004,717,Mytilus species,Mytilus,4.5
JE0004,717,Pinctada species,Pinctada,43
JE0004,717,Spondylus species,Spondylus,1
JE0078,2500,Chicoreus species,Chicoreus,7
JE0078,2500,Conomurex fasciatus,Conomurex,277
JE0078,2500,Chama species,Chama,2
JE0078,2500,Pinctada species,Pinctada,1
JE0078,2500,Plicatula plicata,Plicatula,1
JE0078,2500,Spondylus species,Spondylus,2
JE0078,2501,Conomurex fasciatus,Conomurex,1245
JE0078,2501,Plicatula plicata,Plicatula,1
JE0078,2501,Spondylus species,Spondylus,1
JE0078,2502,Conomurex fasciatus,Conomurex,2031
JE0078,2502,Plicatula plicata,Plicatula,1
JE0078,2502,Spondylus species,Spondylus,1
JE0078,2503,Conomurex fasciatus,Conomurex,1474
JE0078,2503,Plicatula plicata,Plicatula,1
JE0078,2503,Spondylus species,Spondylus,1
JE0078,2504,Conomurex fasciatus,Conomurex,1417
JE0078,2504,Pinctada species,Pinctada,1
JE0078,2504,Plicatula plicata,Plicatula,1
JE0078,2504,Spondylus species,Spondylus,1
JE0078,2505,Conomurex fasciatus,Conomurex,1925
JE0078,2505,Plicatula plicata,Plicatula,1
JE0078,2505,Spondylus species,Spondylus,1
JE0078,2506,Chicoreus species,Chicoreus,1
JE0078,2506,Pleuroploca trapezium,Pleuroploca,1
JE0078,2506,Conomurex fasciatus,Conomurex,2381
JE0078,2506,Chama species,Chama,32
JE0078,2506,Plicatula plicata,Plicatula,6
JE0078,2506,Spondylus species,Spondylus,1
JE0078,2507,Conomurex fasciatus,Conomurex,1507
JE0078,2507,Chama species,Chama,223
JE0078,2507,Plicatula plicata,Plicatula,12
JE0078,2507,Spondylus species,Spondylus,6
JE0078,2508,Chicoreus species,Chicoreus,6
JE0078,2508,Conomurex fasciatus,Conomurex,1822
JE0078,2508,Atactodea species,Atactodea,61
JE0078,2508,Chama species,Chama,78
JE0078,2508,Pinctada species,Pinctada,15
JE0078,2508,Plicatula plicata,Plicatula,10
JE0078,2508,Spondylus species,Spondylus,1
JE0078,2509,Chicoreus species,Chicoreus,17
JE0078,2509,Conomurex fasciatus,Conomurex,1928
JE0078,2509,Atactodea species,Atactodea,13
JE0078,2509,Chama species,Chama,25
JE0078,2509,Pinctada species,Pinctada,11
JE0078,2509,Plicatula plicata,Plicatula,8
JE0078,2509,Spondylus species,Spondylus,8
JE0078,2510,Conomurex fasciatus,Conomurex,569
JE0078,2510,Chama species,Chama,3
JE0078,2510,Pinctada species,Pinctada,1
JE0078,2510,Plicatula plicata,Plicatula,4
JE0078,2510,Spondylus species,Spondylus,4
JE0078,2511,Chicoreus species,Chicoreus,195
JE0078,2511,Conomurex fasciatus,Conomurex,648
JE0078,2511,Chama species,Chama,164
JE0078,2511,Pinctada species,Pinctada,7
JE0078,2511,Plicatula plicata,Plicatula,11
JE0078,2511,Spondylus species,Spondylus,5
JE0078,2512,Chicoreus species,Chicoreus,623
JE0078,2512,Conomurex fasciatus,Conomurex,741
JE0078,2512,Chama species,Chama,312
JE0078,2512,Pinctada species,Pinctada,8
JE0078,2512,Plicatula plicata,Plicatula,2
JE0078,2512,Spondylus species,Spondylus,7
JE0078,2513,Chicoreus species,Chicoreus,997
JE0078,2513,Conomurex fasciatus,Conomurex,730
JE0078,2513,Chama species,Chama,247
JE0078,2513,Pinctada species,Pinctada,11
JE0078,2513,Plicatula plicata,Plicatula,3
JE0078,2513,Spondylus species,Spondylus,9
JE0078,2514,Chicoreus species,Chicoreus,448
JE0078,2514,Conomurex fasciatus,Conomurex,256
JE0078,2514,Chama species,Chama,48
JE0078,2514,Pinctada species,Pinctada,4
JE0078,2514,Plicatula plicata,Plicatula,9
JE0078,2514,Spondylus species,Spondylus,3
JE0078,2515,Chicoreus species,Chicoreus,16
JE0078,2515,Conomurex fasciatus,Conomurex,590
JE0078,2515,Chama species,Chama,68
JE0078,2515,Pinctada species,Pinctada,2
JE0078,2515,Plicatula plicata,Plicatula,13
JE0078,2515,Spondylus species,Spondylus,1
JE0078,2516,Chicoreus species,Chicoreus,43
JE0078,2516,Conomurex fasciatus,Conomurex,1029
JE0078,2516,Pinctada species,Pinctada,2
JE0078,2516,Plicatula plicata,Plicatula,5
JE0078,2516,Spondylus species,Spondylus,1
JE0078,2517,Chicoreus species,Chicoreus,1
JE0078,2517,Conomurex fasciatus,Conomurex,943
JE0078,2517,Chama species,Chama,8
JE0078,2517,Pinctada species,Pinctada,3
JE0078,2517,Plicatula plicata,Plicatula,7
JE0078,2517,Spondylus species,Spondylus,1
JE0078,2518,Conomurex fasciatus,Conomurex,1375.7
JE0078,2518,Chama species,Chama,7
JE0078,2518,Pinctada species,Pinctada,8
JE0078,2518,Plicatula plicata,Plicatula,14
JE0078,2518,Spondylus species,Spondylus,1
JE0078,2519,Chicoreus species,Chicoreus,99
JE0078,2519,Conomurex fasciatus,Conomurex,1126
JE0078,2519,Plicatula plicata,Plicatula,1
JE0078,2519,Spondylus species,Spondylus,10
JE0078,2520,Conomurex fasciatus,Conomurex,265
JE0078,2520,Chama species,Chama,15
JE0078,2520,Plicatula plicata,Plicatula,1
JE0078,2520,Spondylus species,Spondylus,1
JE0078,2521,Chicoreus species,Chicoreus,6
JE0078,2521,Conomurex fasciatus,Conomurex,145
JE0078,2521,Plicatula plicata,Plicatula,1
JE0078,2521,Spondylus species,Spondylus,1
JE0078,2522,Chicoreus species,Chicoreus,2
JE0078,2522,Conomurex fasciatus,Conomurex,45
JE0078,2522,Plicatula plicata,Plicatula,1
JE0078,2522,Spondylus species,Spondylus,1
JE0078,2525,Chicoreus species,Chicoreus,1
JE0078,2525,Conomurex fasciatus,Conomurex,31
JE0078,2525,Pinctada species,Pinctada,1
JE0078,2525,Plicatula plicata,Plicatula,1
JE0078,2525,Spondylus species,Spondylus,1
JE0078,2526,Conomurex fasciatus,Conomurex,18
JE0078,2526,Plicatula plicata,Plicatula,1
JE0078,2526,Spondylus species,Spondylus,1
JE0087,2537,Chicoreus species,Chicoreus,2
JE0087,2537,Conomurex fasciatus,Conomurex,2422
JE0087,2537,Pinctada species,Pinctada,3
JE0087,2538,Chicoreus species,Chicoreus,4
JE0087,2538,Conomurex fasciatus,Conomurex,2543
JE0087,2539,Conomurex fasciatus,Conomurex,959
JE0087,2540,Conomurex fasciatus,Conomurex,1583
JE0087,2541,Conomurex fasciatus,Conomurex,1640
JE0087,2543,Chicoreus species,Chicoreus,1
JE0087,2543,Conomurex fasciatus,Conomurex,795
JE0087,2542,Conomurex fasciatus,Conomurex,568
JE0087,2544,Chicoreus species,Chicoreus,2
JE0087,2544,Conomurex fasciatus,Conomurex,1464
JE0087,2544,Pinctada species,Pinctada,1
JE0087,2545,Conomurex fasciatus,Conomurex,2316
JE0087,2546,Conomurex fasciatus,Conomurex,1434
JE0087,2547,Conomurex fasciatus,Conomurex,1829
JE0087,2548,Conomurex fasciatus,Conomurex,2278
JE0087,2549,Conomurex fasciatus,Conomurex,1854
JE0087,2600,Conomurex fasciatus,Conomurex,1552
JE0087,2600,Pinctada species,Pinctada,1
JE0087,2601,Conomurex fasciatus,Conomurex,1532
JE0087,2602,Conomurex fasciatus,Conomurex,1343
JE0087,2603,Conomurex fasciatus,Conomurex,694
JE0087,2603,Plicatula plicata,Plicatula,5
JE0087,2605,Chicoreus species,Chicoreus,10
JE0087,2605,Conomurex fasciatus,Conomurex,1802
JE0087,2605,Pinctada species,Pinctada,17
JE0087,2606,Chicoreus species,Chicoreus,13
JE0087,2606,Conomurex fasciatus,Conomurex,1092
JE0087,2606,Pinctada species,Pinctada,8
JE0087,2646,Conomurex fasciatus,Conomurex,661
JE0087,2646,Plicatula plicata,Plicatula,6
JE0087,2646,Spondylus species,Spondylus,9
JE0087,2648,Conomurex fasciatus,Conomurex,343
JE0087,2648,Pinctada species,Pinctada,1
JE0087,2650,Chicoreus species,Chicoreus,1
JE0087,2650,Conomurex fasciatus,Conomurex,1461
JE0087,2650,Chama species,Chama,10
JE0087,2650,Pinctada species,Pinctada,8
JE0087,2650,Plicatula plicata,Plicatula,7
JE0087,2651,Conomurex fasciatus,Conomurex,1549
JE0087,2651,Pinctada species,Pinctada,2
JE0087,2652,Chicoreus species,Chicoreus,39
JE0087,2652,Conomurex fasciatus,Conomurex,1609
JE0087,2652,Pinctada species,Pinctada,27
JE0087,2652,Plicatula plicata,Plicatula,8
JE0087,2653,Conomurex fasciatus,Conomurex,1176
JE0087,2654,Conomurex fasciatus,Conomurex,868
JE0087,2654,Pinctada species,Pinctada,24
JE0087,2655,Conomurex fasciatus,Conomurex,1044
JE0087,2655,Pinctada species,Pinctada,4
JE0087,2656,Conomurex fasciatus,Conomurex,710
JE0087,2657,Conomurex fasciatus,Conomurex,375
JE0087,2658,Chicoreus species,Chicoreus,399
JE0087,2658,Conomurex fasciatus,Conomurex,969
JE0087,2658,Pinctada species,Pinctada,5
JE0087,2659,Chicoreus species,Chicoreus,6
JE0087,2659,Conomurex fasciatus,Conomurex,398
JE0087,2659,Pinctada species,Pinctada,18
JE0087,2660,Conomurex fasciatus,Conomurex,168
JE0087,2660,Pinctada species,Pinctada,1
JE0087,2661,Chicoreus species,Chicoreus,177
JE0087,2661,Conomurex fasciatus,Conomurex,924
JE0087,2662,Conomurex fasciatus,Conomurex,324
JE0087,2663,Chicoreus species,Chicoreus,26
JE0087,2663,Conomurex fasciatus,Conomurex,2314
JE0087,2664,Chicoreus species,Chicoreus,15
JE0087,2664,Conomurex fasciatus,Conomurex,262
JE0087,2664,Pinctada species,Pinctada,13
JE0087,2665,Conomurex fasciatus,Conomurex,184
JE0087,2665,Pinctada species,Pinctada,15
JE0087,2666,Chicoreus species,Chicoreus,11
JE0087,2666,Conomurex fasciatus,Conomurex,185
JE0087,2666,Pinctada species,Pinctada,6
JE0087,2667,Chicoreus species,Chicoreus,26
JE0087,2667,Conomurex fasciatus,Conomurex,321
JE0087,2667,Pinctada species,Pinctada,17
JE5642,2550,Chicoreus species,Chicoreus,19
JE5642,2550,Conomurex fasciatus,Conomurex,1657
JE5642,2550,Atactodea species,Atactodea,20
JE5642,2550,Chama species,Chama,80
JE5642,2550,Pinctada species,Pinctada,2
JE5642,2551,Chicoreus species,Chicoreus,64
JE5642,2551,Conomurex fasciatus,Conomurex,1792
JE5642,2551,Chama species,Chama,152
JE5642,2551,Spondylus species,Spondylus,70
JE5642,2552,Chicoreus species,Chicoreus,51
JE5642,2552,Pleuroploca trapezium,Pleuroploca,9
JE5642,2552,Conomurex fasciatus,Conomurex,1536
JE5642,2552,Chama species,Chama,17
JE5642,2552,Pinctada species,Pinctada,31
JE5642,2552,Plicatula plicata,Plicatula,24
JE5642,2554,Chicoreus species,Chicoreus,13
JE5642,2554,Conomurex fasciatus,Conomurex,1563
JE5642,2554,Atactodea species,Atactodea,75
JE5642,2554,Chama species,Chama,4
JE5642,2554,Pinctada species,Pinctada,36
JE5642,2554,Plicatula plicata,Plicatula,9
JE5642,2553,Chicoreus species,Chicoreus,19
JE5642,2553,Conomurex fasciatus,Conomurex,992
